timestamp,Open,High,Low,Close,Volume,time_indicator,avg_price_in_interval
2018-06-26 00:00:00,6252.0,6253.16,6251.1,6253.01,33.444013,0.0,6252.13
2018-06-26 00:01:00,6253.02,6260.48,6253.0,6260.0,34.693433,0.0006944444444444445,6256.74
2018-06-26 00:02:00,6260.0,6261.2,6260.0,6260.0,49.691649,0.001388888888888889,6260.6
2018-06-26 00:03:00,6260.0,6261.18,6254.89,6255.88,38.223918,0.0020833333333333333,6258.035
2018-06-26 00:04:00,6257.93,6259.99,6255.89,6256.01,39.811207,0.002777777777777778,6257.9400000000005
2018-06-26 00:05:00,6257.97,6262.45,6255.89,6262.44,20.088365,0.003472222222222222,6259.17
2018-06-26 00:06:00,6262.45,6263.94,6259.98,6259.98,5.174977,0.004166666666666667,6261.959999999999
2018-06-26 00:07:00,6259.99,6263.9,6259.98,6263.89,12.378797,0.004861111111111111,6261.94
2018-06-26 00:08:00,6262.16,6266.47,6260.0,6260.0,11.430662,0.005555555555555556,6263.235000000001
2018-06-26 00:09:00,6260.0,6263.99,6255.88,6257.81,13.751543,0.00625,6259.9349999999995
2018-06-26 00:10:00,6258.0,6258.0,6253.68,6257.74,5.866481,0.006944444444444444,6255.84
2018-06-26 00:11:00,6256.87,6257.74,6254.01,6257.71,5.159619,0.007638888888888889,6255.875
2018-06-26 00:12:00,6257.71,6257.81,6253.68,6257.8,7.537052,0.008333333333333333,6255.745000000001
2018-06-26 00:13:00,6257.75,6259.91,6248.76,6249.76,11.62774,0.009027777777777777,6254.335
2018-06-26 00:14:00,6249.76,6254.71,6248.96,6249.8,7.89944,0.009722222222222222,6251.835
2018-06-26 00:15:00,6252.13,6254.71,6249.0,6250.03,13.921526,0.010416666666666666,6251.855
2018-06-26 00:16:00,6252.02,6255.55,6241.16,6244.18,13.353227,0.011111111111111112,6248.355
2018-06-26 00:17:00,6244.18,6245.09,6241.19,6245.09,19.839567,0.011805555555555555,6243.139999999999
2018-06-26 00:18:00,6245.09,6249.99,6241.2,6249.99,3.900742,0.0125,6245.594999999999
2018-06-26 00:19:00,6249.96,6249.96,6245.0,6247.0,10.270996,0.013194444444444444,6247.48
2018-06-26 00:20:00,6247.03,6250.0,6241.42,6244.8,32.529928,0.013888888888888888,6245.71
2018-06-26 00:21:00,6244.8,6249.76,6241.26,6243.56,3.663948,0.014583333333333334,6245.51
2018-06-26 00:22:00,6248.0,6248.0,6241.6,6247.56,9.861569,0.015277777777777777,6244.8
2018-06-26 00:23:00,6247.56,6249.8,6241.6,6244.0,4.134495,0.01597222222222222,6245.700000000001
2018-06-26 00:24:00,6246.56,6247.05,6241.65,6245.99,8.643691,0.016666666666666666,6244.35
2018-06-26 00:25:00,6242.07,6247.05,6241.19,6246.83,15.24093,0.017361111111111112,6244.12
2018-06-26 00:26:00,6246.83,6247.05,6238.1,6240.0,16.956278,0.018055555555555554,6242.575000000001
2018-06-26 00:27:00,6240.0,6247.05,6238.11,6245.01,30.682285,0.01875,6242.58
2018-06-26 00:28:00,6245.02,6247.07,6238.24,6244.99,20.612281,0.019444444444444445,6242.655
2018-06-26 00:29:00,6242.0,6242.0,6238.1,6238.11,3.825692,0.02013888888888889,6240.05
2018-06-26 00:30:00,6238.1,6238.24,6235.05,6235.05,9.080981,0.020833333333333332,6236.645
2018-06-26 00:31:00,6235.05,6235.13,6231.62,6235.13,30.986285,0.021527777777777778,6233.375
2018-06-26 00:32:00,6235.13,6238.24,6232.01,6238.24,15.525934,0.022222222222222223,6235.125
2018-06-26 00:33:00,6238.24,6240.0,6231.5,6231.51,12.97006,0.022916666666666665,6235.75
2018-06-26 00:34:00,6231.5,6239.36,6229.9,6229.9,27.190536,0.02361111111111111,6234.629999999999
2018-06-26 00:35:00,6229.91,6234.64,6212.51,6212.51,112.781061,0.024305555555555556,6223.575000000001
2018-06-26 00:36:00,6212.51,6230.77,6208.0,6224.99,114.253529,0.025,6219.385
2018-06-26 00:37:00,6224.99,6229.61,6218.09,6226.62,47.296353,0.025694444444444443,6223.85
2018-06-26 00:38:00,6225.01,6232.32,6219.06,6230.63,39.390836,0.02638888888888889,6225.6900000000005
2018-06-26 00:39:00,6230.63,6230.63,6222.51,6222.51,43.79049,0.027083333333333334,6226.57
2018-06-26 00:40:00,6227.57,6229.14,6219.06,6225.19,46.142022,0.027777777777777776,6224.1
2018-06-26 00:41:00,6227.49,6227.49,6219.06,6220.0,16.999858,0.02847222222222222,6223.275
2018-06-26 00:42:00,6219.99,6220.96,6210.0,6212.0,9.188291,0.029166666666666667,6215.48
2018-06-26 00:43:00,6218.31,6220.0,6212.0,6217.95,22.670075,0.029861111111111113,6216.0
2018-06-26 00:44:00,6217.95,6217.95,6210.0,6213.71,24.111471,0.030555555555555555,6213.975
2018-06-26 00:45:00,6213.71,6214.0,6210.0,6213.0,43.214239,0.03125,6212.0
2018-06-26 00:46:00,6213.41,6223.23,6213.0,6222.99,58.262399,0.03194444444444444,6218.115
2018-06-26 00:47:00,6222.99,6229.54,6222.99,6223.45,37.122311,0.03263888888888889,6226.264999999999
2018-06-26 00:48:00,6223.45,6228.95,6223.0,6226.15,49.284869,0.03333333333333333,6225.975
2018-06-26 00:49:00,6223.0,6226.49,6222.99,6226.49,40.104592,0.034027777777777775,6224.74
2018-06-26 00:50:00,6226.92,6229.47,6223.65,6229.0,10.481875,0.034722222222222224,6226.5599999999995
2018-06-26 00:51:00,6229.0,6229.0,6221.48,6221.48,22.268069,0.035416666666666666,6225.24
2018-06-26 00:52:00,6228.99,6228.99,6216.39,6220.0,11.165902,0.03611111111111111,6222.6900000000005
2018-06-26 00:53:00,6222.8,6222.81,6209.0,6215.21,41.91234,0.03680555555555556,6215.905000000001
2018-06-26 00:54:00,6215.21,6219.99,6211.0,6217.7,25.627749,0.0375,6215.495
2018-06-26 00:55:00,6217.68,6217.68,6210.44,6211.01,17.431527,0.03819444444444445,6214.0599999999995
2018-06-26 00:56:00,6211.01,6214.0,6208.0,6210.99,19.693583,0.03888888888888889,6211.0
2018-06-26 00:57:00,6210.99,6213.01,6204.55,6204.55,40.376311,0.03958333333333333,6208.780000000001
2018-06-26 00:58:00,6204.55,6209.97,6200.01,6200.07,31.748684,0.04027777777777778,6204.99
2018-06-26 00:59:00,6200.01,6200.07,6180.0,6190.13,118.51496,0.04097222222222222,6190.035
2018-06-26 01:00:00,6187.3,6208.0,6182.3,6205.62,70.706569,0.041666666666666664,6195.15
2018-06-26 01:01:00,6207.97,6207.98,6199.99,6202.0,15.412491,0.04236111111111111,6203.985
2018-06-26 01:02:00,6202.0,6205.33,6190.32,6202.16,19.84702,0.043055555555555555,6197.825
2018-06-26 01:03:00,6202.59,6205.17,6190.0,6203.56,19.206717,0.04375,6197.585
2018-06-26 01:04:00,6201.38,6205.28,6195.01,6205.19,13.670123,0.044444444444444446,6200.145
2018-06-26 01:05:00,6205.19,6205.62,6196.42,6197.21,12.405644,0.04513888888888889,6201.02
2018-06-26 01:06:00,6200.0,6203.5,6196.42,6197.0,8.835887,0.04583333333333333,6199.96
2018-06-26 01:07:00,6197.0,6200.0,6196.45,6196.46,6.051478,0.04652777777777778,6198.225
2018-06-26 01:08:00,6196.46,6200.0,6194.99,6199.0,71.57411,0.04722222222222222,6197.495
2018-06-26 01:09:00,6198.79,6213.82,6197.75,6204.35,71.765419,0.04791666666666667,6205.785
2018-06-26 01:10:00,6210.59,6210.59,6204.1,6206.11,9.221543,0.04861111111111111,6207.345
2018-06-26 01:11:00,6206.11,6208.0,6204.1,6204.2,9.894689,0.049305555555555554,6206.05
2018-06-26 01:12:00,6204.2,6207.56,6200.0,6203.87,30.645558,0.05,6203.780000000001
2018-06-26 01:13:00,6200.0,6203.86,6183.48,6196.51,29.657262,0.050694444444444445,6193.67
2018-06-26 01:14:00,6199.26,6199.26,6196.51,6198.41,5.104962,0.05138888888888889,6197.885
2018-06-26 01:15:00,6196.52,6209.97,6196.52,6209.12,19.975593,0.052083333333333336,6203.245000000001
2018-06-26 01:16:00,6208.1,6210.0,6202.52,6209.53,15.645278,0.05277777777777778,6206.26
2018-06-26 01:17:00,6209.53,6212.0,6208.45,6210.0,10.799132,0.05347222222222222,6210.225
2018-06-26 01:18:00,6209.98,6220.0,6204.44,6220.0,10.221119,0.05416666666666667,6212.219999999999
2018-06-26 01:19:00,6215.01,6223.05,6215.01,6223.04,21.827629,0.05486111111111111,6219.030000000001
2018-06-26 01:20:00,6220.98,6223.04,6220.0,6222.36,8.381926,0.05555555555555555,6221.52
2018-06-26 01:21:00,6220.0,6222.63,6209.33,6209.73,18.332474,0.05625,6215.98
2018-06-26 01:22:00,6209.9,6215.48,6209.9,6213.99,3.746504,0.05694444444444444,6212.69
2018-06-26 01:23:00,6213.98,6213.99,6207.08,6210.35,3.067656,0.05763888888888889,6210.535
2018-06-26 01:24:00,6210.35,6213.5,6203.84,6205.0,11.824707,0.058333333333333334,6208.67
2018-06-26 01:25:00,6205.0,6219.51,6200.21,6218.73,13.442757,0.059027777777777776,6209.860000000001
2018-06-26 01:26:00,6218.73,6219.51,6215.29,6215.42,2.785228,0.059722222222222225,6217.4
2018-06-26 01:27:00,6215.43,6229.17,6215.35,6218.1,18.590739,0.06041666666666667,6222.26
2018-06-26 01:28:00,6218.11,6222.5,6215.33,6216.0,15.666228,0.06111111111111111,6218.915
2018-06-26 01:29:00,6216.01,6218.04,6213.34,6213.34,21.074747,0.06180555555555556,6215.6900000000005
2018-06-26 01:30:00,6216.0,6216.01,6210.32,6214.0,5.744232,0.0625,6213.165
2018-06-26 01:31:00,6213.57,6214.99,6202.07,6210.01,6.481538,0.06319444444444444,6208.53
2018-06-26 01:32:00,6210.01,6214.78,6201.97,6208.0,3.507815,0.06388888888888888,6208.375
2018-06-26 01:33:00,6208.0,6213.57,6205.32,6211.99,2.75916,0.06458333333333334,6209.445
2018-06-26 01:34:00,6211.99,6211.99,6206.37,6210.57,14.792674,0.06527777777777778,6209.18
2018-06-26 01:35:00,6210.55,6220.61,6207.03,6216.53,22.650337,0.06597222222222222,6213.82
2018-06-26 01:36:00,6220.0,6224.98,6216.54,6220.5,19.153387,0.06666666666666667,6220.76
2018-06-26 01:37:00,6222.73,6225.0,6218.54,6222.0,36.366493,0.06736111111111111,6221.77
2018-06-26 01:38:00,6222.0,6226.0,6218.62,6222.0,41.416535,0.06805555555555555,6222.3099999999995
2018-06-26 01:39:00,6226.0,6227.99,6218.67,6227.99,12.591317,0.06875,6223.33
2018-06-26 01:40:00,6227.99,6234.0,6224.35,6230.0,30.108967,0.06944444444444445,6229.175
2018-06-26 01:41:00,6230.01,6233.76,6227.99,6227.99,11.031097,0.07013888888888889,6230.875
2018-06-26 01:42:00,6232.81,6232.81,6220.19,6224.99,36.408396,0.07083333333333333,6226.5
2018-06-26 01:43:00,6224.99,6228.79,6217.0,6228.79,13.469148,0.07152777777777777,6222.895
2018-06-26 01:44:00,6228.79,6233.77,6225.0,6230.02,18.485595,0.07222222222222222,6229.385
2018-06-26 01:45:00,6230.02,6233.76,6230.0,6230.0,25.304022,0.07291666666666667,6231.88
2018-06-26 01:46:00,6230.0,6233.73,6220.96,6224.09,30.931702,0.07361111111111111,6227.344999999999
2018-06-26 01:47:00,6224.09,6232.87,6220.96,6232.82,30.806683,0.07430555555555556,6226.915
2018-06-26 01:48:00,6232.84,6232.84,6224.1,6228.0,4.517625,0.075,6228.47
2018-06-26 01:49:00,6227.96,6227.96,6223.0,6225.22,5.023088,0.07569444444444444,6225.48
2018-06-26 01:50:00,6226.99,6227.0,6223.0,6225.21,5.622675,0.0763888888888889,6225.0
2018-06-26 01:51:00,6225.22,6228.38,6223.01,6225.99,3.899068,0.07708333333333334,6225.695
2018-06-26 01:52:00,6225.88,6228.65,6225.77,6228.3,6.029379,0.07777777777777778,6227.21
2018-06-26 01:53:00,6228.3,6228.5,6225.23,6228.49,3.277309,0.07847222222222222,6226.865
2018-06-26 01:54:00,6228.49,6230.0,6223.0,6230.0,21.423734,0.07916666666666666,6226.5
2018-06-26 01:55:00,6232.45,6232.45,6223.85,6223.85,6.064463,0.0798611111111111,6228.15
2018-06-26 01:56:00,6226.2,6232.45,6223.01,6223.01,7.389976,0.08055555555555556,6227.73
2018-06-26 01:57:00,6224.61,6230.0,6223.01,6227.99,4.243814,0.08125,6226.505
2018-06-26 01:58:00,6226.49,6227.98,6224.09,6224.2,2.730246,0.08194444444444444,6226.035
2018-06-26 01:59:00,6227.97,6228.0,6224.2,6227.99,4.549946,0.08263888888888889,6226.1
2018-06-26 12:00:00,6228.0,6228.0,6180.0,6190.0,73.507996,0.5,6204.0
2018-06-26 12:01:00,6190.01,6197.14,6190.0,6195.0,6.670902,0.5006944444444444,6193.57
2018-06-26 12:02:00,6195.0,6198.14,6191.0,6195.0,38.166644,0.5013888888888889,6194.57
2018-06-26 12:03:00,6195.0,6198.14,6191.01,6192.01,34.662025,0.5020833333333333,6194.575000000001
2018-06-26 12:04:00,6192.0,6195.47,6192.0,6195.46,43.097318,0.5027777777777778,6193.735000000001
2018-06-26 12:05:00,6195.0,6196.98,6192.07,6196.98,32.639556,0.5034722222222222,6194.525
2018-06-26 12:06:00,6196.98,6215.3,6192.37,6213.93,100.632402,0.5041666666666667,6203.835
2018-06-26 12:07:00,6212.49,6217.9,6202.5,6214.87,70.160119,0.5048611111111111,6210.2
2018-06-26 12:08:00,6213.49,6213.49,6208.02,6211.0,39.019132,0.5055555555555555,6210.755
2018-06-26 12:09:00,6211.0,6213.0,6208.1,6212.98,59.114786,0.50625,6210.55
2018-06-26 12:10:00,6211.0,6213.0,6208.09,6212.97,22.233505,0.5069444444444444,6210.545
2018-06-26 12:11:00,6212.97,6217.04,6210.03,6217.04,22.946037,0.5076388888888889,6213.535
2018-06-26 12:12:00,6217.04,6217.89,6211.91,6217.38,23.848969,0.5083333333333333,6214.9
2018-06-26 12:13:00,6217.38,6217.38,6209.01,6212.01,16.969061,0.5090277777777777,6213.195
2018-06-26 12:14:00,6212.01,6217.37,6212.0,6216.78,11.981414,0.5097222222222222,6214.6849999999995
2018-06-26 12:15:00,6212.36,6217.37,6212.36,6215.1,15.52707,0.5104166666666666,6214.865
2018-06-26 12:16:00,6215.1,6216.0,6212.36,6212.36,19.980593,0.5111111111111111,6214.18
2018-06-26 12:17:00,6214.5,6214.5,6210.0,6210.0,23.883014,0.5118055555555555,6212.25
2018-06-26 12:18:00,6212.37,6212.37,6209.99,6211.0,9.966654,0.5125,6211.18
2018-06-26 12:19:00,6211.01,6215.0,6210.01,6214.4,24.639168,0.5131944444444444,6212.505
2018-06-26 12:20:00,6213.01,6214.4,6210.0,6210.48,13.772952,0.5138888888888888,6212.2
2018-06-26 12:21:00,6210.48,6211.0,6205.0,6205.0,31.776538,0.5145833333333333,6208.0
2018-06-26 12:22:00,6205.0,6208.0,6201.9,6204.04,9.082504,0.5152777777777777,6204.95
2018-06-26 12:23:00,6204.0,6204.98,6204.0,6204.09,10.409179,0.5159722222222223,6204.49
2018-06-26 12:24:00,6204.09,6207.85,6200.03,6202.0,78.495332,0.5166666666666667,6203.9400000000005
2018-06-26 12:25:00,6201.99,6208.0,6201.09,6208.0,11.560158,0.5173611111111112,6204.545
2018-06-26 12:26:00,6205.55,6208.0,6203.12,6206.96,12.955008,0.5180555555555556,6205.5599999999995
2018-06-26 12:27:00,6205.01,6208.0,6203.07,6206.97,11.405848,0.51875,6205.535
2018-06-26 12:28:00,6206.96,6217.47,6203.06,6217.47,38.207598,0.5194444444444445,6210.265
2018-06-26 12:29:00,6217.89,6223.0,6217.47,6217.55,35.821465,0.5201388888888889,6220.235000000001
2018-06-26 12:30:00,6217.47,6222.4,6215.0,6217.66,27.385579,0.5208333333333334,6218.7
2018-06-26 12:31:00,6219.96,6220.0,6215.02,6219.09,8.766838,0.5215277777777778,6217.51
2018-06-26 12:32:00,6219.01,6220.0,6217.55,6220.0,27.32848,0.5222222222222223,6218.775
2018-06-26 12:33:00,6217.56,6220.0,6217.55,6217.91,10.327368,0.5229166666666667,6218.775
2018-06-26 12:34:00,6217.91,6219.99,6217.55,6219.9,7.905445,0.5236111111111111,6218.77
2018-06-26 12:35:00,6217.9,6219.9,6217.55,6217.59,7.420589,0.5243055555555556,6218.725
2018-06-26 12:36:00,6217.59,6219.0,6215.0,6219.0,10.743073,0.525,6217.0
2018-06-26 12:37:00,6217.55,6219.99,6215.0,6215.1,42.847213,0.5256944444444445,6217.495
2018-06-26 12:38:00,6215.1,6218.79,6213.37,6215.09,15.184482,0.5263888888888889,6216.08
2018-06-26 12:39:00,6213.38,6215.0,6205.21,6210.82,22.276463,0.5270833333333333,6210.105
2018-06-26 12:40:00,6208.07,6213.38,6205.5,6213.31,10.511228,0.5277777777777778,6209.4400000000005
2018-06-26 12:41:00,6206.99,6212.99,6206.98,6207.0,27.954878,0.5284722222222222,6209.985
2018-06-26 12:42:00,6207.01,6208.01,6202.02,6205.51,15.008028,0.5291666666666667,6205.015
2018-06-26 12:43:00,6206.99,6208.0,6205.51,6205.52,9.521877,0.5298611111111111,6206.755
2018-06-26 12:44:00,6207.99,6208.0,6205.51,6207.99,24.201553,0.5305555555555556,6206.755
2018-06-26 12:45:00,6208.0,6208.01,6205.91,6208.01,14.84506,0.53125,6206.96
2018-06-26 12:46:00,6208.01,6208.01,6205.93,6207.98,9.991661,0.5319444444444444,6206.97
2018-06-26 12:47:00,6207.98,6208.01,6205.9,6206.33,16.749237,0.5326388888888889,6206.955
2018-06-26 12:48:00,6206.1,6207.99,6206.09,6206.5,5.505998,0.5333333333333333,6207.04
2018-06-26 12:49:00,6206.35,6206.51,6205.52,6206.21,15.36644,0.5340277777777778,6206.015
2018-06-26 12:50:00,6206.22,6207.99,6206.0,6206.01,5.458625,0.5347222222222222,6206.995
2018-06-26 12:51:00,6206.5,6209.99,6206.01,6208.02,12.538424,0.5354166666666667,6208.0
2018-06-26 12:52:00,6209.99,6210.0,6207.99,6209.01,48.494838,0.5361111111111111,6208.995
2018-06-26 12:53:00,6209.01,6210.0,6207.9,6207.9,35.093751,0.5368055555555555,6208.95
2018-06-26 12:54:00,6207.9,6208.0,6207.0,6207.9,4.238855,0.5375,6207.5
2018-06-26 12:55:00,6207.9,6208.99,6202.02,6208.99,21.055273,0.5381944444444444,6205.505
2018-06-26 12:56:00,6206.9,6212.0,6202.7,6210.49,41.827323,0.5388888888888889,6207.35
2018-06-26 12:57:00,6210.49,6210.49,6204.44,6206.71,8.689441,0.5395833333333333,6207.465
2018-06-26 12:58:00,6206.71,6206.72,6204.46,6206.0,7.67328,0.5402777777777777,6205.59
2018-06-26 12:59:00,6205.66,6210.0,6205.37,6209.99,11.428114,0.5409722222222222,6207.6849999999995
2018-06-26 13:00:00,6205.57,6209.99,6205.0,6206.01,30.58529,0.5416666666666666,6207.495
2018-06-26 13:01:00,6206.0,6210.49,6204.46,6207.7,26.092621,0.5423611111111111,6207.475
2018-06-26 13:02:00,6207.7,6210.44,6207.0,6207.0,4.285382,0.5430555555555555,6208.719999999999
2018-06-26 13:03:00,6207.01,6210.0,6207.0,6207.01,15.068417,0.54375,6208.5
2018-06-26 13:04:00,6207.0,6207.01,6204.44,6204.46,31.25681,0.5444444444444444,6205.725
2018-06-26 13:05:00,6204.44,6204.46,6203.0,6204.43,36.602191,0.5451388888888888,6203.73
2018-06-26 13:06:00,6204.43,6220.81,6203.0,6220.0,59.220053,0.5458333333333333,6211.905000000001
2018-06-26 13:07:00,6220.0,6222.61,6211.43,6212.08,19.160107,0.5465277777777777,6217.02
2018-06-26 13:08:00,6215.77,6219.98,6212.11,6215.77,8.36099,0.5472222222222223,6216.045
2018-06-26 13:09:00,6215.76,6221.0,6212.17,6219.98,23.332075,0.5479166666666667,6216.585
2018-06-26 13:10:00,6219.98,6229.95,6217.0,6229.95,28.987024,0.5486111111111112,6223.475
2018-06-26 13:11:00,6229.95,6247.6,6227.98,6230.0,79.775726,0.5493055555555556,6237.79
2018-06-26 13:12:00,6230.78,6239.86,6225.29,6226.99,25.395429,0.55,6232.575
2018-06-26 13:13:00,6230.0,6230.86,6225.29,6225.3,15.280398,0.5506944444444445,6228.075
2018-06-26 13:14:00,6225.3,6229.0,6223.64,6225.3,50.26291,0.5513888888888889,6226.32
2018-06-26 13:15:00,6228.86,6229.69,6225.31,6228.0,28.643682,0.5520833333333334,6227.5
2018-06-26 13:16:00,6227.46,6227.98,6223.64,6226.99,34.890268,0.5527777777777778,6225.8099999999995
2018-06-26 13:17:00,6226.99,6226.99,6210.0,6214.0,21.152319,0.5534722222222223,6218.495
2018-06-26 13:18:00,6212.0,6226.0,6210.0,6219.42,20.562183,0.5541666666666667,6218.0
2018-06-26 13:19:00,6219.99,6222.27,6210.23,6211.67,14.80812,0.5548611111111111,6216.25
2018-06-26 13:20:00,6211.79,6217.89,6202.02,6209.96,20.494438,0.5555555555555556,6209.955
2018-06-26 13:21:00,6209.96,6217.29,6207.0,6212.03,19.662435,0.55625,6212.145
2018-06-26 13:22:00,6213.99,6219.41,6212.02,6213.01,27.686184,0.5569444444444445,6215.715
2018-06-26 13:23:00,6213.0,6217.7,6213.0,6213.68,7.038092,0.5576388888888889,6215.35
2018-06-26 13:24:00,6215.22,6216.75,6213.68,6214.02,18.177821,0.5583333333333333,6215.215
2018-06-26 13:25:00,6214.02,6216.73,6210.64,6212.13,14.931991,0.5590277777777778,6213.6849999999995
2018-06-26 13:26:00,6210.66,6212.14,6200.71,6200.71,25.26081,0.5597222222222222,6206.425
2018-06-26 13:27:00,6200.71,6201.0,6185.0,6196.1,70.627046,0.5604166666666667,6193.0
2018-06-26 13:28:00,6191.23,6196.1,6186.0,6192.8,55.596946,0.5611111111111111,6191.05
2018-06-26 13:29:00,6192.8,6192.8,6187.61,6189.28,43.633782,0.5618055555555556,6190.205
2018-06-26 13:30:00,6191.98,6191.99,6175.16,6177.99,49.494145,0.5625,6183.575
2018-06-26 13:31:00,6177.99,6180.0,6165.0,6174.98,237.808504,0.5631944444444444,6172.5
2018-06-26 13:32:00,6170.14,6185.38,6165.01,6182.8,88.20538,0.5638888888888889,6175.195
2018-06-26 13:33:00,6182.8,6183.24,6173.3,6175.01,32.372132,0.5645833333333333,6178.27
2018-06-26 13:34:00,6176.02,6176.03,6161.02,6165.99,27.679219,0.5652777777777778,6168.525
2018-06-26 13:35:00,6165.99,6182.8,6165.3,6180.0,20.05189,0.5659722222222222,6174.05
2018-06-26 13:36:00,6180.0,6183.87,6180.0,6182.82,18.284084,0.5666666666666667,6181.9349999999995
2018-06-26 13:37:00,6183.86,6190.01,6181.0,6184.45,42.851741,0.5673611111111111,6185.505
2018-06-26 13:38:00,6184.45,6184.45,6181.11,6181.86,37.945765,0.5680555555555555,6182.78
2018-06-26 13:39:00,6181.86,6187.06,6180.4,6186.59,32.309556,0.56875,6183.73
2018-06-26 13:40:00,6186.59,6186.59,6184.36,6185.9,33.677137,0.5694444444444444,6185.475
2018-06-26 13:41:00,6185.9,6187.08,6182.06,6183.99,29.228922,0.5701388888888889,6184.57
2018-06-26 13:42:00,6182.06,6183.98,6165.52,6175.25,46.273526,0.5708333333333333,6174.75
2018-06-26 13:43:00,6175.25,6176.0,6167.54,6174.02,67.505812,0.5715277777777777,6171.77
2018-06-26 13:44:00,6174.0,6174.0,6147.0,6153.0,124.704268,0.5722222222222222,6160.5
2018-06-26 13:45:00,6153.0,6169.97,6151.04,6161.49,98.147281,0.5729166666666666,6160.505
2018-06-26 13:46:00,6161.49,6175.0,6161.49,6171.0,52.309955,0.5736111111111111,6168.245
2018-06-26 13:47:00,6171.02,6171.02,6162.0,6162.01,33.515508,0.5743055555555555,6166.51
2018-06-26 13:48:00,6162.01,6164.35,6150.0,6163.2,50.652399,0.575,6157.175
2018-06-26 13:49:00,6161.76,6169.47,6161.49,6163.52,27.790241,0.5756944444444444,6165.48
2018-06-26 13:50:00,6166.8,6169.04,6155.32,6158.29,26.103955,0.5763888888888888,6162.18
2018-06-26 13:51:00,6157.65,6167.99,6156.0,6165.95,19.109975,0.5770833333333333,6161.995
2018-06-26 13:52:00,6165.95,6168.76,6165.73,6168.75,22.901898,0.5777777777777777,6167.245
2018-06-26 13:53:00,6165.96,6169.18,6165.96,6169.17,18.717178,0.5784722222222223,6167.57
2018-06-26 13:54:00,6168.01,6169.47,6165.97,6168.38,14.394289,0.5791666666666667,6167.72
2018-06-26 13:55:00,6168.38,6173.25,6165.0,6173.13,28.490904,0.5798611111111112,6169.125
2018-06-26 13:56:00,6172.5,6183.28,6171.89,6180.13,12.743417,0.5805555555555556,6177.585
2018-06-26 13:57:00,6180.13,6183.98,6173.02,6177.62,20.058058,0.58125,6178.5
2018-06-26 13:58:00,6177.63,6179.24,6169.81,6172.64,18.115331,0.5819444444444445,6174.525
2018-06-26 13:59:00,6172.64,6175.0,6169.02,6170.03,16.255636,0.5826388888888889,6172.01
2018-06-26 14:00:00,6170.03,6172.94,6165.0,6170.73,15.075204,0.5833333333333334,6168.969999999999
2018-06-26 14:01:00,6170.73,6175.5,6170.73,6174.51,20.028556,0.5840277777777778,6173.115
2018-06-26 14:02:00,6174.51,6175.5,6174.5,6175.0,80.731173,0.5847222222222223,6175.0
2018-06-26 14:03:00,6175.01,6179.24,6165.0,6175.79,133.514981,0.5854166666666667,6172.12
2018-06-26 14:04:00,6176.27,6180.96,6167.67,6170.0,48.422193,0.5861111111111111,6174.3150000000005
2018-06-26 14:05:00,6169.0,6179.94,6169.0,6174.23,25.23581,0.5868055555555556,6174.469999999999
2018-06-26 14:06:00,6175.99,6178.18,6170.85,6170.86,25.859458,0.5875,6174.515
2018-06-26 14:07:00,6172.18,6179.0,6170.0,6174.94,11.374931,0.5881944444444445,6174.5
2018-06-26 14:08:00,6172.3,6174.94,6172.3,6172.3,49.085745,0.5888888888888889,6173.62
2018-06-26 14:09:00,6172.75,6174.94,6171.01,6174.77,9.577477,0.5895833333333333,6172.975
2018-06-26 14:10:00,6172.75,6174.94,6170.0,6172.01,28.121574,0.5902777777777778,6172.469999999999
2018-06-26 14:11:00,6172.01,6172.01,6169.47,6170.0,12.431037,0.5909722222222222,6170.74
2018-06-26 14:12:00,6170.0,6171.19,6160.07,6165.01,62.372335,0.5916666666666667,6165.629999999999
2018-06-26 14:13:00,6165.0,6165.0,6156.61,6160.0,58.7483,0.5923611111111111,6160.805
2018-06-26 14:14:00,6160.01,6163.6,6156.61,6157.01,35.641433,0.5930555555555556,6160.105
2018-06-26 14:15:00,6162.06,6162.06,6147.07,6153.91,92.652389,0.59375,6154.5650000000005
2018-06-26 14:16:00,6150.0,6153.72,6121.05,6133.7,160.825423,0.5944444444444444,6137.385
2018-06-26 14:17:00,6137.34,6148.19,6126.86,6142.95,73.639363,0.5951388888888889,6137.525
2018-06-26 14:18:00,6142.01,6153.02,6135.23,6146.03,75.059832,0.5958333333333333,6144.125
2018-06-26 14:19:00,6146.03,6155.77,6146.03,6155.77,50.118256,0.5965277777777778,6150.9
2018-06-26 14:20:00,6155.77,6162.45,6152.25,6159.99,18.266576,0.5972222222222222,6157.35
2018-06-26 14:21:00,6159.99,6173.37,6158.08,6169.49,42.428578,0.5979166666666667,6165.725
2018-06-26 14:22:00,6169.48,6169.48,6163.59,6163.61,48.357831,0.5986111111111111,6166.535
2018-06-26 14:23:00,6165.69,6165.69,6154.54,6157.44,31.810225,0.5993055555555555,6160.115
2018-06-26 14:24:00,6152.75,6163.61,6152.75,6160.0,13.695118,0.6,6158.18
2018-06-26 14:25:00,6160.0,6163.0,6157.73,6159.63,11.936082,0.6006944444444444,6160.365
2018-06-26 14:26:00,6159.74,6164.0,6159.74,6161.21,17.23392,0.6013888888888889,6161.87
2018-06-26 14:27:00,6161.22,6169.0,6161.22,6168.99,10.628382,0.6020833333333333,6165.110000000001
2018-06-26 14:28:00,6168.99,6170.0,6165.0,6166.24,35.168055,0.6027777777777777,6167.5
2018-06-26 14:29:00,6166.02,6169.64,6165.0,6165.01,44.458838,0.6034722222222222,6167.32
2018-06-26 14:30:00,6165.02,6165.02,6157.73,6157.74,20.656418,0.6041666666666666,6161.375
2018-06-26 14:31:00,6157.73,6165.01,6157.73,6164.31,19.637362,0.6048611111111111,6161.37
2018-06-26 14:32:00,6165.01,6165.01,6158.0,6158.0,13.459588,0.6055555555555555,6161.505
2018-06-26 14:33:00,6158.0,6161.31,6155.0,6159.99,33.97903,0.60625,6158.155000000001
2018-06-26 14:34:00,6159.99,6160.0,6149.99,6156.01,39.942169,0.6069444444444444,6154.995
2018-06-26 14:35:00,6156.01,6157.04,6150.0,6150.02,25.980895,0.6076388888888888,6153.52
2018-06-26 14:36:00,6150.02,6161.3,6150.02,6154.2,31.649294,0.6083333333333333,6155.66
2018-06-26 14:37:00,6154.22,6169.63,6154.22,6165.04,20.027176,0.6090277777777777,6161.925
2018-06-26 14:38:00,6165.04,6169.63,6162.11,6163.7,13.323255,0.6097222222222223,6165.87
2018-06-26 14:39:00,6165.85,6168.78,6163.69,6168.0,5.252227,0.6104166666666667,6166.235
2018-06-26 14:40:00,6167.99,6168.73,6159.24,6160.77,19.278463,0.6111111111111112,6163.985
2018-06-26 14:41:00,6160.77,6168.99,6159.25,6164.29,34.279148,0.6118055555555556,6164.12
2018-06-26 14:42:00,6164.29,6180.5,6164.29,6173.18,47.615021,0.6125,6172.395
2018-06-26 14:43:00,6173.18,6190.0,6173.17,6190.0,92.236514,0.6131944444444445,6181.585
2018-06-26 14:44:00,6187.0,6193.0,6177.99,6178.17,48.467847,0.6138888888888889,6185.495
2018-06-26 14:45:00,6178.0,6180.0,6176.01,6178.0,13.547085,0.6145833333333334,6178.005
2018-06-26 14:46:00,6178.0,6179.79,6176.01,6176.21,15.907827,0.6152777777777778,6177.9
2018-06-26 14:47:00,6176.21,6186.99,6176.21,6183.55,14.774626,0.6159722222222223,6181.6
2018-06-26 14:48:00,6177.26,6183.32,6177.26,6178.01,12.872485,0.6166666666666667,6180.29
2018-06-26 14:49:00,6178.64,6180.0,6177.42,6177.42,24.931039,0.6173611111111111,6178.71
2018-06-26 14:50:00,6177.42,6180.0,6175.0,6180.0,15.686891,0.6180555555555556,6177.5
2018-06-26 14:51:00,6180.0,6186.86,6178.31,6181.09,51.076584,0.61875,6182.585
2018-06-26 14:52:00,6182.73,6185.0,6181.0,6184.99,6.131589,0.6194444444444445,6183.0
2018-06-26 14:53:00,6184.99,6190.0,6182.0,6186.96,15.72171,0.6201388888888889,6186.0
2018-06-26 14:54:00,6185.06,6188.0,6185.0,6186.8,7.358445,0.6208333333333333,6186.5
2018-06-26 14:55:00,6188.0,6190.0,6186.85,6189.02,21.168311,0.6215277777777778,6188.425
2018-06-26 14:56:00,6190.0,6200.0,6189.02,6195.01,38.621871,0.6222222222222222,6194.51
2018-06-26 14:57:00,6195.01,6198.8,6190.07,6190.08,63.022446,0.6229166666666667,6194.4349999999995
2018-06-26 14:58:00,6192.77,6193.86,6180.08,6181.31,49.480594,0.6236111111111111,6186.969999999999
2018-06-26 14:59:00,6185.0,6187.04,6180.08,6185.0,31.258411,0.6243055555555556,6183.5599999999995
2018-06-26 15:00:00,6185.0,6185.74,6180.08,6180.97,29.122237,0.625,6182.91
2018-06-26 15:01:00,6180.08,6184.99,6174.11,6183.36,28.265745,0.6256944444444444,6179.549999999999
2018-06-26 15:02:00,6184.41,6190.08,6179.33,6190.08,26.547439,0.6263888888888889,6184.705
2018-06-26 15:03:00,6187.01,6190.08,6181.0,6190.08,18.608529,0.6270833333333333,6185.54
2018-06-26 15:04:00,6190.08,6193.2,6184.43,6185.02,10.226314,0.6277777777777778,6188.8150000000005
2018-06-26 15:05:00,6185.04,6186.83,6184.44,6186.71,10.804362,0.6284722222222222,6185.635
2018-06-26 15:06:00,6186.62,6186.72,6182.28,6182.28,4.680996,0.6291666666666667,6184.5
2018-06-26 15:07:00,6182.29,6186.0,6182.28,6186.0,11.607838,0.6298611111111111,6184.139999999999
2018-06-26 15:08:00,6184.5,6186.71,6183.0,6183.98,15.814907,0.6305555555555555,6184.855
2018-06-26 15:09:00,6183.98,6186.0,6182.01,6186.0,19.184737,0.63125,6184.005
2018-06-26 15:10:00,6185.99,6186.62,6184.63,6186.13,12.604556,0.6319444444444444,6185.625
2018-06-26 15:11:00,6186.05,6190.0,6186.05,6189.88,16.266904,0.6326388888888889,6188.025
2018-06-26 15:12:00,6189.94,6190.88,6188.15,6188.16,26.976867,0.6333333333333333,6189.514999999999
2018-06-26 15:13:00,6189.99,6189.99,6183.53,6184.89,21.202872,0.6340277777777777,6186.76
2018-06-26 15:14:00,6184.88,6186.0,6182.46,6185.99,18.281699,0.6347222222222222,6184.23
2018-06-26 15:15:00,6184.26,6185.99,6176.52,6178.15,29.032519,0.6354166666666666,6181.255
2018-06-26 15:16:00,6178.15,6181.97,6175.0,6181.3,33.28327,0.6361111111111111,6178.485000000001
2018-06-26 15:17:00,6177.3,6181.97,6173.68,6178.94,25.656503,0.6368055555555555,6177.825000000001
2018-06-26 15:18:00,6178.94,6178.94,6173.37,6175.0,26.455617,0.6375,6176.155
2018-06-26 15:19:00,6173.42,6176.34,6170.0,6175.02,8.552857,0.6381944444444444,6173.17
2018-06-26 15:20:00,6175.02,6178.18,6171.1,6173.19,10.606127,0.6388888888888888,6174.64
2018-06-26 15:21:00,6177.99,6178.18,6170.22,6171.16,14.150112,0.6395833333333333,6174.200000000001
2018-06-26 15:22:00,6171.15,6174.33,6167.0,6174.31,7.140335,0.6402777777777777,6170.665
2018-06-26 15:23:00,6169.06,6174.31,6169.06,6170.15,10.68784,0.6409722222222223,6171.685
2018-06-26 15:24:00,6170.15,6170.15,6166.5,6167.01,16.156223,0.6416666666666667,6168.325
2018-06-26 15:25:00,6167.0,6169.78,6161.02,6163.96,50.183979,0.6423611111111112,6165.4
2018-06-26 15:26:00,6163.96,6164.78,6159.34,6164.37,50.832517,0.6430555555555556,6162.0599999999995
2018-06-26 15:27:00,6162.98,6167.57,6159.6,6165.0,13.974101,0.64375,6163.585
2018-06-26 15:28:00,6165.0,6175.0,6161.83,6174.36,17.884806,0.6444444444444445,6168.415
2018-06-26 15:29:00,6174.36,6175.74,6169.2,6174.0,18.718129,0.6451388888888889,6172.469999999999
2018-06-26 15:30:00,6173.0,6178.18,6172.28,6176.32,27.023209,0.6458333333333334,6175.23
2018-06-26 15:31:00,6172.31,6176.32,6169.02,6169.35,19.252989,0.6465277777777778,6172.67
2018-06-26 15:32:00,6169.41,6176.22,6169.35,6172.01,22.889832,0.6472222222222223,6172.785
2018-06-26 15:33:00,6172.01,6175.0,6170.0,6171.74,20.024265,0.6479166666666667,6172.5
2018-06-26 15:34:00,6171.85,6171.87,6169.82,6169.82,17.320218,0.6486111111111111,6170.844999999999
2018-06-26 15:35:00,6169.84,6171.89,6169.36,6169.81,14.927916,0.6493055555555556,6170.625
2018-06-26 15:36:00,6169.86,6169.86,6168.0,6168.02,11.214633,0.65,6168.93
2018-06-26 15:37:00,6168.02,6169.8,6167.87,6168.05,20.417943,0.6506944444444445,6168.835
2018-06-26 15:38:00,6168.05,6168.05,6161.93,6163.0,20.543436,0.6513888888888889,6164.99
2018-06-26 15:39:00,6162.99,6164.65,6154.12,6160.41,62.38026,0.6520833333333333,6159.385
2018-06-26 15:40:00,6160.41,6170.0,6157.16,6168.85,17.669314,0.6527777777777778,6163.58
2018-06-26 15:41:00,6169.8,6169.8,6162.04,6162.04,10.01828,0.6534722222222222,6165.92
2018-06-26 15:42:00,6161.96,6166.27,6160.0,6164.48,12.775168,0.6541666666666667,6163.135
2018-06-26 15:43:00,6164.0,6165.0,6155.0,6161.4,9.34698,0.6548611111111111,6160.0
2018-06-26 15:44:00,6161.0,6161.0,6154.56,6159.97,9.057744,0.6555555555555556,6157.780000000001
2018-06-26 15:45:00,6157.59,6159.97,6155.0,6155.17,5.587826,0.65625,6157.485000000001
2018-06-26 15:46:00,6158.66,6171.68,6155.0,6163.72,21.673549,0.6569444444444444,6163.34
2018-06-26 15:47:00,6169.82,6169.83,6163.72,6166.97,4.607528,0.6576388888888889,6166.775
2018-06-26 15:48:00,6163.97,6168.0,6158.01,6166.0,11.358472,0.6583333333333333,6163.005
2018-06-26 15:49:00,6166.0,6167.96,6161.94,6163.52,8.149275,0.6590277777777778,6164.95
2018-06-26 15:50:00,6164.0,6165.51,6160.02,6165.0,11.388419,0.6597222222222222,6162.765
2018-06-26 15:51:00,6163.48,6178.18,6163.48,6177.06,54.21337,0.6604166666666667,6170.83
2018-06-26 15:52:00,6178.18,6178.18,6173.58,6177.72,16.238995,0.6611111111111111,6175.88
2018-06-26 15:53:00,6177.72,6178.94,6173.72,6178.23,7.651059,0.6618055555555555,6176.33
2018-06-26 15:54:00,6174.07,6178.72,6174.07,6176.11,13.668708,0.6625,6176.395
2018-06-26 15:55:00,6178.72,6185.0,6174.14,6180.31,22.523065,0.6631944444444444,6179.57
2018-06-26 15:56:00,6184.0,6184.0,6180.31,6184.0,17.668607,0.6638888888888889,6182.155000000001
2018-06-26 15:57:00,6180.34,6184.0,6180.32,6183.8,11.19782,0.6645833333333333,6182.16
2018-06-26 15:58:00,6183.8,6186.0,6180.33,6184.11,20.978363,0.6652777777777777,6183.165
2018-06-26 15:59:00,6186.0,6188.01,6180.4,6188.01,12.747426,0.6659722222222222,6184.205
2018-06-26 16:00:00,6188.01,6191.0,6182.15,6191.0,22.385103,0.6666666666666666,6186.575
2018-06-26 16:01:00,6190.88,6195.5,6188.97,6194.0,14.449738,0.6673611111111111,6192.235000000001
2018-06-26 16:02:00,6194.0,6200.0,6190.03,6198.84,49.787862,0.6680555555555555,6195.014999999999
2018-06-26 16:03:00,6198.84,6203.0,6194.4,6199.0,24.749486,0.66875,6198.7
2018-06-26 16:04:00,6198.0,6224.01,6195.55,6220.06,241.682842,0.6694444444444444,6209.780000000001
2018-06-26 16:05:00,6220.06,6224.01,6206.51,6215.81,67.300532,0.6701388888888888,6215.26
2018-06-26 16:06:00,6215.81,6217.67,6209.03,6212.15,16.205777,0.6708333333333333,6213.35
2018-06-26 16:07:00,6211.0,6212.15,6201.24,6206.1,50.965104,0.6715277777777777,6206.695
2018-06-26 16:08:00,6201.89,6205.0,6198.14,6204.08,46.674419,0.6722222222222223,6201.57
2018-06-26 16:09:00,6201.01,6201.02,6190.0,6192.0,39.95874,0.6729166666666667,6195.51
2018-06-26 16:10:00,6192.79,6200.0,6190.0,6195.01,23.434553,0.6736111111111112,6195.0
2018-06-26 16:11:00,6195.01,6195.73,6183.61,6184.1,12.827723,0.6743055555555556,6189.67
2018-06-26 16:12:00,6184.1,6188.91,6178.01,6184.98,12.003815,0.675,6183.46
2018-06-26 16:13:00,6181.06,6184.1,6175.01,6177.17,22.872899,0.6756944444444445,6179.555
2018-06-26 16:14:00,6177.99,6178.0,6174.14,6174.77,36.567933,0.6763888888888889,6176.07
2018-06-26 16:15:00,6175.0,6179.0,6175.0,6178.43,21.880446,0.6770833333333334,6177.0
2018-06-26 16:16:00,6178.43,6182.0,6175.01,6180.97,8.809943,0.6777777777777778,6178.505
2018-06-26 16:17:00,6180.94,6181.06,6174.15,6174.18,6.084996,0.6784722222222223,6177.605
2018-06-26 16:18:00,6174.23,6175.0,6163.01,6166.86,23.311197,0.6791666666666667,6169.005
2018-06-26 16:19:00,6166.86,6166.98,6163.04,6166.0,63.429199,0.6798611111111111,6165.01
2018-06-26 16:20:00,6166.0,6171.96,6161.67,6165.89,51.731466,0.6805555555555556,6166.8150000000005
2018-06-26 16:21:00,6165.89,6169.54,6165.89,6169.0,23.961872,0.68125,6167.715
2018-06-26 16:22:00,6168.99,6175.0,6166.37,6171.91,12.272877,0.6819444444444445,6170.6849999999995
2018-06-26 16:23:00,6171.91,6175.0,6171.91,6171.91,9.366191,0.6826388888888889,6173.455
2018-06-26 16:24:00,6171.91,6174.99,6166.49,6167.0,9.865543,0.6833333333333333,6170.74
2018-06-26 16:25:00,6167.0,6169.74,6165.91,6166.47,21.991582,0.6840277777777778,6167.825
2018-06-26 16:26:00,6165.91,6171.99,6165.0,6170.81,51.036483,0.6847222222222222,6168.495
2018-06-26 16:27:00,6170.82,6177.95,6170.81,6173.33,48.446175,0.6854166666666667,6174.38
2018-06-26 16:28:00,6173.33,6177.84,6171.51,6173.99,38.858063,0.6861111111111111,6174.675
2018-06-26 16:29:00,6173.99,6177.84,6170.0,6174.03,28.15282,0.6868055555555556,6173.92
2018-06-26 16:30:00,6174.03,6177.81,6172.92,6172.98,28.181231,0.6875,6175.365
2018-06-26 16:31:00,6175.12,6175.12,6161.67,6169.8,30.120656,0.6881944444444444,6168.395
2018-06-26 16:32:00,6169.67,6169.67,6160.07,6160.93,13.721863,0.6888888888888889,6164.87
2018-06-26 16:33:00,6160.93,6167.99,6160.93,6166.59,8.663397,0.6895833333333333,6164.46
2018-06-26 16:34:00,6162.42,6167.98,6162.0,6167.91,5.974431,0.6902777777777778,6164.99
2018-06-26 16:35:00,6162.01,6167.0,6160.95,6162.99,3.2981,0.6909722222222222,6163.975
2018-06-26 16:36:00,6164.0,6170.0,6162.99,6168.01,8.158392,0.6916666666666667,6166.495
2018-06-26 16:37:00,6168.01,6170.0,6168.0,6169.01,6.119553,0.6923611111111111,6169.0
2018-06-26 16:38:00,6169.01,6171.54,6169.0,6170.0,4.010534,0.6930555555555555,6170.27
2018-06-26 16:39:00,6170.0,6171.54,6163.01,6168.89,7.055516,0.69375,6167.275
2018-06-26 16:40:00,6168.89,6169.99,6162.99,6164.08,21.406085,0.6944444444444444,6166.49
2018-06-26 16:41:00,6164.09,6170.02,6164.09,6169.0,5.569149,0.6951388888888889,6167.055
2018-06-26 16:42:00,6169.0,6171.55,6166.01,6168.49,16.420502,0.6958333333333333,6168.780000000001
2018-06-26 16:43:00,6168.49,6170.0,6165.0,6168.49,10.290805,0.6965277777777777,6167.5
2018-06-26 16:44:00,6167.66,6169.99,6166.82,6169.99,14.986139,0.6972222222222222,6168.405
2018-06-26 16:45:00,6169.98,6171.52,6165.01,6170.11,9.566004,0.6979166666666666,6168.265
2018-06-26 16:46:00,6170.1,6171.55,6170.0,6171.55,6.661338,0.6986111111111111,6170.775
2018-06-26 16:47:00,6170.01,6173.0,6170.0,6171.81,19.801533,0.6993055555555555,6171.5
2018-06-26 16:48:00,6171.81,6172.0,6160.07,6166.01,34.530178,0.7,6166.035
2018-06-26 16:49:00,6166.54,6166.54,6160.6,6161.01,28.181912,0.7006944444444444,6163.57
2018-06-26 16:50:00,6164.0,6168.64,6159.0,6160.99,37.652371,0.7013888888888888,6163.82
2018-06-26 16:51:00,6160.99,6185.73,6160.0,6181.34,17.04968,0.7020833333333333,6172.865
2018-06-26 16:52:00,6185.07,6190.8,6175.4,6178.03,12.221304,0.7027777777777777,6183.1
2018-06-26 16:53:00,6178.02,6180.0,6169.11,6179.99,6.144469,0.7034722222222223,6174.555
2018-06-26 16:54:00,6179.99,6179.99,6170.01,6178.79,10.928188,0.7041666666666667,6175.0
2018-06-26 16:55:00,6178.79,6185.84,6168.69,6185.84,8.451756,0.7048611111111112,6177.264999999999
2018-06-26 16:56:00,6175.04,6185.95,6173.62,6185.95,5.476661,0.7055555555555556,6179.785
2018-06-26 16:57:00,6177.25,6188.7,6177.25,6179.01,4.945862,0.70625,6182.975
2018-06-26 16:58:00,6179.01,6184.97,6173.37,6184.73,6.206293,0.7069444444444445,6179.17
2018-06-26 16:59:00,6180.03,6182.01,6174.53,6180.0,4.509685,0.7076388888888889,6178.27
2018-06-26 17:00:00,6179.98,6179.98,6174.0,6174.0,6.73699,0.7083333333333334,6176.99
2018-06-26 17:01:00,6174.0,6175.0,6173.37,6174.0,13.573245,0.7090277777777778,6174.1849999999995
2018-06-26 17:02:00,6173.69,6173.99,6167.73,6168.0,20.476812,0.7097222222222223,6170.86
2018-06-26 17:03:00,6168.0,6173.38,6164.0,6172.99,23.929307,0.7104166666666667,6168.6900000000005
2018-06-26 17:04:00,6173.0,6175.0,6169.0,6170.13,10.390696,0.7111111111111111,6172.0
2018-06-26 17:05:00,6172.86,6175.0,6170.07,6170.3,4.046428,0.7118055555555556,6172.535
2018-06-26 17:06:00,6174.99,6180.0,6170.12,6170.12,4.543383,0.7125,6175.0599999999995
2018-06-26 17:07:00,6170.12,6174.99,6170.12,6174.9,4.277002,0.7131944444444445,6172.555
2018-06-26 17:08:00,6174.92,6174.92,6170.17,6172.01,3.575973,0.7138888888888889,6172.545
2018-06-26 17:09:00,6172.0,6174.92,6172.0,6172.0,12.921647,0.7145833333333333,6173.46
2018-06-26 17:10:00,6173.46,6175.0,6172.0,6172.0,30.205847,0.7152777777777778,6173.5
2018-06-26 17:11:00,6172.87,6175.0,6170.55,6175.0,44.748398,0.7159722222222222,6172.775
2018-06-26 17:12:00,6175.0,6175.0,6170.55,6173.99,9.741023,0.7166666666666667,6172.775
2018-06-26 17:13:00,6173.99,6178.79,6170.56,6174.16,7.83728,0.7173611111111111,6174.675
2018-06-26 17:14:00,6174.16,6176.1,6170.17,6170.18,13.900509,0.7180555555555556,6173.135
2018-06-26 17:15:00,6172.1,6173.65,6167.73,6173.58,13.143856,0.71875,6170.69
2018-06-26 17:16:00,6167.76,6173.62,6167.76,6168.05,9.928194,0.7194444444444444,6170.6900000000005
2018-06-26 17:17:00,6168.05,6173.11,6168.02,6168.02,7.810897,0.7201388888888889,6170.5650000000005
2018-06-26 17:18:00,6172.0,6173.11,6168.02,6173.0,2.760569,0.7208333333333333,6170.5650000000005
2018-06-26 17:19:00,6172.99,6179.92,6171.37,6179.9,11.465382,0.7215277777777778,6175.645
2018-06-26 17:20:00,6179.9,6183.0,6179.9,6180.0,17.260835,0.7222222222222222,6181.45
2018-06-26 17:21:00,6180.0,6184.53,6179.9,6182.4,11.009259,0.7229166666666667,6182.215
2018-06-26 17:22:00,6181.25,6182.41,6180.08,6181.49,3.663775,0.7236111111111111,6181.245
2018-06-26 17:23:00,6180.84,6181.49,6169.0,6179.4,5.327747,0.7243055555555555,6175.245
2018-06-26 17:24:00,6179.4,6180.0,6170.04,6174.89,2.850267,0.725,6175.02
2018-06-26 17:25:00,6171.2,6174.89,6170.99,6171.2,11.253712,0.7256944444444444,6172.9400000000005
2018-06-26 17:26:00,6172.1,6173.0,6170.0,6171.2,3.627005,0.7263888888888889,6171.5
2018-06-26 17:27:00,6172.09,6179.41,6170.0,6172.0,4.75393,0.7270833333333333,6174.705
2018-06-26 17:28:00,6174.95,6179.99,6174.95,6174.99,3.446947,0.7277777777777777,6177.469999999999
2018-06-26 17:29:00,6174.99,6180.0,6170.03,6177.98,10.386262,0.7284722222222222,6175.014999999999
2018-06-26 17:30:00,6177.94,6177.94,6170.04,6170.75,11.9938,0.7291666666666666,6173.99
2018-06-26 17:31:00,6172.58,6179.41,6170.13,6179.41,10.08745,0.7298611111111111,6174.77
2018-06-26 17:32:00,6176.95,6182.41,6176.94,6179.07,14.120822,0.7305555555555555,6179.674999999999
2018-06-26 17:33:00,6179.06,6194.99,6179.06,6190.01,17.523922,0.73125,6187.025
2018-06-26 17:34:00,6190.11,6193.75,6177.8,6182.38,14.52165,0.7319444444444444,6185.775
2018-06-26 17:35:00,6181.2,6181.2,6172.3,6177.97,6.781195,0.7326388888888888,6176.75
2018-06-26 17:36:00,6178.0,6178.0,6172.6,6172.66,18.503317,0.7333333333333333,6175.3
2018-06-26 17:37:00,6175.3,6180.01,6172.66,6173.01,23.847339,0.7340277777777777,6176.335
2018-06-26 17:38:00,6175.0,6177.97,6172.3,6176.01,25.56622,0.7347222222222223,6175.135
2018-06-26 17:39:00,6176.01,6177.47,6175.0,6175.01,31.530617,0.7354166666666667,6176.235000000001
2018-06-26 17:40:00,6175.0,6179.94,6175.0,6175.1,3.501615,0.7361111111111112,6177.469999999999
2018-06-26 17:41:00,6175.13,6179.28,6170.05,6175.01,3.252723,0.7368055555555556,6174.665
2018-06-26 17:42:00,6175.0,6175.01,6170.0,6174.85,2.764027,0.7375,6172.505
2018-06-26 17:43:00,6170.09,6174.85,6170.0,6170.02,3.374708,0.7381944444444445,6172.425
2018-06-26 17:44:00,6172.01,6174.0,6170.0,6172.01,24.375249,0.7388888888888889,6172.0
2018-06-26 17:45:00,6172.02,6172.02,6165.21,6169.99,42.206458,0.7395833333333334,6168.615
2018-06-26 17:46:00,6166.07,6170.0,6166.0,6170.0,8.739448,0.7402777777777778,6168.0
2018-06-26 17:47:00,6170.0,6172.6,6165.21,6167.06,5.077591,0.7409722222222223,6168.905000000001
2018-06-26 17:48:00,6167.18,6172.59,6165.28,6171.99,10.807098,0.7416666666666667,6168.9349999999995
2018-06-26 17:49:00,6170.0,6171.99,6165.41,6169.61,42.481691,0.7423611111111111,6168.7
2018-06-26 17:50:00,6169.9,6170.0,6168.0,6168.0,47.57382,0.7430555555555556,6169.0
2018-06-26 17:51:00,6169.89,6171.99,6168.0,6169.9,10.771291,0.74375,6169.995
2018-06-26 17:52:00,6171.98,6174.0,6168.01,6170.95,23.891865,0.7444444444444445,6171.005
2018-06-26 17:53:00,6170.95,6170.95,6168.0,6168.0,2.310482,0.7451388888888889,6169.475
2018-06-26 17:54:00,6169.9,6170.95,6168.0,6170.93,47.442948,0.7458333333333333,6169.475
2018-06-26 17:55:00,6168.01,6170.58,6167.11,6168.48,27.877175,0.7465277777777778,6168.844999999999
2018-06-26 17:56:00,6168.47,6169.8,6167.11,6167.9,19.229561,0.7472222222222222,6168.455
2018-06-26 17:57:00,6167.89,6167.9,6165.1,6165.1,12.596558,0.7479166666666667,6166.5
2018-06-26 17:58:00,6167.0,6168.48,6165.0,6168.47,31.980208,0.7486111111111111,6166.74
2018-06-26 17:59:00,6168.48,6189.0,6168.47,6183.41,33.04297,0.7493055555555556,6178.735000000001
2018-06-26 18:00:00,6183.65,6188.0,6176.34,6176.34,32.512474,0.75,6182.17
2018-06-26 18:01:00,6177.25,6186.08,6174.6,6186.08,14.427896,0.7506944444444444,6180.34
2018-06-26 18:02:00,6185.54,6193.96,6185.01,6190.0,49.695916,0.7513888888888889,6189.485000000001
2018-06-26 18:03:00,6190.0,6190.0,6180.0,6183.0,15.509223,0.7520833333333333,6185.0
2018-06-26 18:04:00,6183.0,6190.0,6181.87,6182.12,12.638107,0.7527777777777778,6185.9349999999995
2018-06-26 18:05:00,6188.99,6190.0,6182.12,6183.33,8.264182,0.7534722222222222,6186.0599999999995
2018-06-26 18:06:00,6189.78,6189.8,6180.42,6186.99,5.567129,0.7541666666666667,6185.110000000001
2018-06-26 18:07:00,6187.0,6187.0,6180.45,6186.95,4.127299,0.7548611111111111,6183.725
2018-06-26 18:08:00,6181.01,6186.95,6180.49,6186.93,12.990701,0.7555555555555555,6183.719999999999
2018-06-26 18:09:00,6186.93,6186.94,6182.11,6186.75,19.202355,0.75625,6184.525
2018-06-26 18:10:00,6186.0,6186.75,6182.13,6185.0,8.931739,0.7569444444444444,6184.4400000000005
2018-06-26 18:11:00,6185.48,6186.75,6185.0,6185.0,14.762887,0.7576388888888889,6185.875
2018-06-26 18:12:00,6185.0,6185.72,6181.0,6185.12,27.620322,0.7583333333333333,6183.360000000001
2018-06-26 18:13:00,6185.12,6185.15,6182.0,6182.0,25.230342,0.7590277777777777,6183.575
2018-06-26 18:14:00,6182.01,6184.33,6182.01,6183.0,33.126024,0.7597222222222222,6183.17
2018-06-26 18:15:00,6183.0,6184.4,6182.0,6182.01,35.647124,0.7604166666666666,6183.2
2018-06-26 18:16:00,6183.0,6185.73,6183.0,6184.91,39.537544,0.7611111111111111,6184.365
2018-06-26 18:17:00,6183.0,6190.12,6181.0,6188.12,33.351443,0.7618055555555555,6185.5599999999995
2018-06-26 18:18:00,6185.15,6194.92,6185.15,6188.23,34.895121,0.7625,6190.035
2018-06-26 18:19:00,6188.24,6192.86,6188.23,6188.28,40.4969,0.7631944444444444,6190.545
2018-06-26 18:20:00,6188.56,6193.0,6188.23,6188.85,52.30273,0.7638888888888888,6190.615
2018-06-26 18:21:00,6188.86,6193.0,6188.85,6189.32,39.743495,0.7645833333333333,6190.925
2018-06-26 18:22:00,6190.86,6197.7,6189.91,6193.0,21.133861,0.7652777777777777,6193.805
2018-06-26 18:23:00,6197.54,6197.54,6184.74,6184.76,28.848584,0.7659722222222223,6191.139999999999
2018-06-26 18:24:00,6184.89,6186.48,6184.74,6186.46,18.234872,0.7666666666666667,6185.61
2018-06-26 18:25:00,6185.31,6191.0,6185.3,6191.0,5.002001,0.7673611111111112,6188.15
2018-06-26 18:26:00,6189.5,6194.64,6186.29,6191.28,9.637167,0.7680555555555556,6190.465
2018-06-26 18:27:00,6191.28,6197.2,6188.21,6190.29,9.819398,0.76875,6192.705
2018-06-26 18:28:00,6190.33,6197.2,6188.22,6190.36,12.324357,0.7694444444444445,6192.71
2018-06-26 18:29:00,6190.36,6197.18,6190.35,6190.37,8.202185,0.7701388888888889,6193.765
2018-06-26 18:30:00,6195.54,6195.69,6188.23,6188.78,9.870472,0.7708333333333334,6191.959999999999
2018-06-26 18:31:00,6188.8,6195.29,6188.22,6188.23,9.080922,0.7715277777777778,6191.755
2018-06-26 18:32:00,6188.69,6198.0,6188.69,6190.34,10.552959,0.7722222222222223,6193.344999999999
2018-06-26 18:33:00,6196.99,6197.99,6190.55,6190.73,20.037216,0.7729166666666667,6194.27
2018-06-26 18:34:00,6190.73,6194.87,6190.34,6190.35,12.401977,0.7736111111111111,6192.605
2018-06-26 18:35:00,6190.36,6194.0,6190.35,6190.35,8.900054,0.7743055555555556,6192.175
2018-06-26 18:36:00,6190.35,6190.99,6188.22,6188.23,33.844824,0.775,6189.605
2018-06-26 18:37:00,6188.23,6188.23,6187.0,6188.2,33.291583,0.7756944444444445,6187.615
2018-06-26 18:38:00,6188.0,6190.0,6187.0,6189.99,16.555372,0.7763888888888889,6188.5
2018-06-26 18:39:00,6190.0,6190.0,6187.0,6187.0,8.663715,0.7770833333333333,6188.5
2018-06-26 18:40:00,6187.0,6190.0,6181.05,6181.06,10.979153,0.7777777777777778,6185.525
2018-06-26 18:41:00,6181.77,6185.97,6181.05,6184.93,14.724783,0.7784722222222222,6183.51
2018-06-26 18:42:00,6184.93,6184.99,6181.06,6184.98,32.191791,0.7791666666666667,6183.025
2018-06-26 18:43:00,6182.67,6184.0,6180.0,6180.01,23.592973,0.7798611111111111,6182.0
2018-06-26 18:44:00,6180.0,6184.99,6166.0,6180.06,43.424275,0.7805555555555556,6175.495
2018-06-26 18:45:00,6180.06,6183.74,6170.02,6173.38,23.652968,0.78125,6176.88
2018-06-26 18:46:00,6178.76,6179.0,6166.01,6174.23,28.323743,0.7819444444444444,6172.505
2018-06-26 18:47:00,6174.22,6175.89,6160.0,6165.0,41.324633,0.7826388888888889,6167.945
2018-06-26 18:48:00,6165.0,6171.38,6160.0,6165.57,29.320604,0.7833333333333333,6165.6900000000005
2018-06-26 18:49:00,6165.57,6171.38,6165.57,6167.01,37.419669,0.7840277777777778,6168.475
2018-06-26 18:50:00,6167.0,6170.0,6160.02,6163.46,24.6714,0.7847222222222222,6165.01
2018-06-26 18:51:00,6163.47,6175.0,6163.46,6174.0,5.970143,0.7854166666666667,6169.23
2018-06-26 18:52:00,6169.41,6182.87,6169.37,6181.28,11.504949,0.7861111111111111,6176.12
2018-06-26 18:53:00,6176.37,6186.0,6171.72,6176.86,12.501956,0.7868055555555555,6178.860000000001
2018-06-26 18:54:00,6176.86,6184.39,6172.73,6178.36,6.995646,0.7875,6178.5599999999995
2018-06-26 18:55:00,6178.36,6178.36,6171.71,6171.87,21.303764,0.7881944444444444,6175.035
2018-06-26 18:56:00,6172.86,6178.55,6168.18,6168.18,46.922082,0.7888888888888889,6173.365
2018-06-26 18:57:00,6166.14,6174.18,6163.05,6168.0,12.189507,0.7895833333333333,6168.615
2018-06-26 18:58:00,6168.01,6169.0,6161.0,6167.99,7.33691,0.7902777777777777,6165.0
2018-06-26 18:59:00,6167.99,6169.0,6161.18,6168.73,7.232237,0.7909722222222222,6165.09
2018-06-26 19:00:00,6163.58,6171.99,6160.0,6171.99,7.716873,0.7916666666666666,6165.995
2018-06-26 19:01:00,6171.99,6174.0,6165.45,6172.5,6.240244,0.7923611111111111,6169.725
2018-06-26 19:02:00,6172.5,6172.66,6171.0,6171.0,17.999078,0.7930555555555555,6171.83
2018-06-26 19:03:00,6171.0,6171.01,6160.01,6166.32,12.666668,0.79375,6165.51
2018-06-26 19:04:00,6166.32,6167.93,6164.99,6164.99,11.181852,0.7944444444444444,6166.46
2018-06-26 19:05:00,6164.97,6164.97,6160.0,6160.11,13.751642,0.7951388888888888,6162.485000000001
2018-06-26 19:06:00,6160.11,6165.01,6160.0,6165.01,18.505967,0.7958333333333333,6162.505
2018-06-26 19:07:00,6169.98,6169.98,6160.0,6163.01,5.257865,0.7965277777777777,6164.99
2018-06-26 19:08:00,6163.02,6169.99,6161.0,6168.2,11.172686,0.7972222222222223,6165.495
2018-06-26 19:09:00,6169.09,6182.34,6167.0,6180.67,15.455191,0.7979166666666667,6174.67
2018-06-26 19:10:00,6180.67,6186.0,6175.08,6176.22,20.433039,0.7986111111111112,6180.54
2018-06-26 19:11:00,6176.58,6187.0,6176.58,6187.0,8.271351,0.7993055555555556,6181.79
2018-06-26 19:12:00,6180.07,6183.49,6176.21,6176.22,18.000495,0.8,6179.85
2018-06-26 19:13:00,6176.22,6177.0,6166.12,6167.62,13.221156,0.8006944444444445,6171.5599999999995
2018-06-26 19:14:00,6166.14,6171.16,6166.0,6166.0,9.066391,0.8013888888888889,6168.58
2018-06-26 19:15:00,6166.01,6166.01,6157.0,6159.97,15.470572,0.8020833333333334,6161.505
2018-06-26 19:16:00,6159.97,6160.4,6155.11,6158.44,8.364112,0.8027777777777778,6157.754999999999
2018-06-26 19:17:00,6160.0,6167.5,6158.45,6165.0,7.067871,0.8034722222222223,6162.975
2018-06-26 19:18:00,6164.97,6172.98,6164.97,6168.3,5.581774,0.8041666666666667,6168.975
2018-06-26 19:19:00,6169.14,6175.0,6168.3,6168.3,8.23941,0.8048611111111111,6171.65
2018-06-26 19:20:00,6168.29,6168.29,6155.11,6159.99,9.811764,0.8055555555555556,6161.7
2018-06-26 19:21:00,6159.98,6165.01,6159.98,6160.02,6.79129,0.80625,6162.495
2018-06-26 19:22:00,6161.18,6168.23,6157.0,6165.06,8.704794,0.8069444444444445,6162.615
2018-06-26 19:23:00,6163.43,6165.05,6160.0,6164.2,4.109011,0.8076388888888889,6162.525
2018-06-26 19:24:00,6158.45,6164.03,6157.0,6157.0,1.81758,0.8083333333333333,6160.514999999999
2018-06-26 19:25:00,6155.21,6164.19,6155.2,6161.67,6.787028,0.8090277777777778,6159.695
2018-06-26 19:26:00,6161.67,6162.98,6157.12,6162.13,18.269291,0.8097222222222222,6160.049999999999
2018-06-26 19:27:00,6162.13,6162.13,6159.88,6159.88,2.550241,0.8104166666666667,6161.005
2018-06-26 19:28:00,6159.88,6161.99,6159.88,6159.96,6.826071,0.8111111111111111,6160.9349999999995
2018-06-26 19:29:00,6161.98,6161.99,6156.82,6161.41,11.122475,0.8118055555555556,6159.405
2018-06-26 19:30:00,6161.97,6170.0,6160.33,6169.0,7.122406,0.8125,6165.165
2018-06-26 19:31:00,6170.22,6180.12,6162.12,6167.81,31.585461,0.8131944444444444,6171.12
2018-06-26 19:32:00,6162.13,6167.55,6162.13,6164.11,4.465844,0.8138888888888889,6164.84
2018-06-26 19:33:00,6165.68,6167.36,6162.12,6162.12,4.752372,0.8145833333333333,6164.74
2018-06-26 19:34:00,6162.13,6167.0,6162.13,6162.13,5.488278,0.8152777777777778,6164.5650000000005
2018-06-26 19:35:00,6163.04,6172.22,6160.36,6172.0,7.891305,0.8159722222222222,6166.29
2018-06-26 19:36:00,6171.99,6172.0,6163.87,6164.75,0.817185,0.8166666666666667,6167.9349999999995
2018-06-26 19:37:00,6171.51,6175.0,6166.84,6172.0,4.808913,0.8173611111111111,6170.92
2018-06-26 19:38:00,6167.29,6174.99,6167.01,6172.81,17.994508,0.8180555555555555,6171.0
2018-06-26 19:39:00,6172.81,6173.0,6169.35,6169.62,1.210999,0.81875,6171.175
2018-06-26 19:40:00,6170.01,6172.99,6169.5,6170.11,4.836271,0.8194444444444444,6171.245
2018-06-26 19:41:00,6170.81,6174.0,6170.1,6171.01,3.640729,0.8201388888888889,6172.05
2018-06-26 19:42:00,6172.35,6173.98,6171.01,6171.15,7.767537,0.8208333333333333,6172.495
2018-06-26 19:43:00,6171.58,6173.71,6170.0,6170.0,3.775355,0.8215277777777777,6171.855
2018-06-26 19:44:00,6170.1,6170.1,6162.03,6162.03,18.965244,0.8222222222222222,6166.0650000000005
2018-06-26 19:45:00,6164.19,6167.99,6162.0,6167.38,3.530066,0.8229166666666666,6164.995
2018-06-26 19:46:00,6165.18,6167.41,6162.0,6165.97,6.210758,0.8236111111111111,6164.705
2018-06-26 19:47:00,6165.95,6170.1,6162.0,6162.18,10.712336,0.8243055555555555,6166.05
2018-06-26 19:48:00,6163.58,6165.0,6162.17,6163.64,10.795208,0.825,6163.585
2018-06-26 19:49:00,6163.64,6165.0,6161.46,6164.33,3.060454,0.8256944444444444,6163.23
2018-06-26 19:50:00,6163.26,6169.68,6161.38,6162.0,4.706989,0.8263888888888888,6165.530000000001
2018-06-26 19:51:00,6164.81,6168.38,6156.17,6163.62,29.305425,0.8270833333333333,6162.275
2018-06-26 19:52:00,6165.0,6167.97,6163.19,6163.89,3.315493,0.8277777777777777,6165.58
2018-06-26 19:53:00,6163.89,6167.94,6160.0,6160.0,23.797061,0.8284722222222223,6163.969999999999
2018-06-26 19:54:00,6165.02,6165.02,6160.45,6162.0,6.062959,0.8291666666666667,6162.735000000001
2018-06-26 19:55:00,6162.0,6167.94,6161.02,6166.99,3.771846,0.8298611111111112,6164.48
2018-06-26 19:56:00,6166.86,6166.86,6158.76,6160.99,9.265273,0.8305555555555556,6162.8099999999995
2018-06-26 19:57:00,6163.36,6164.99,6160.0,6160.0,2.867651,0.83125,6162.495
2018-06-26 19:58:00,6158.76,6162.0,6158.76,6158.76,7.912435,0.8319444444444445,6160.38
2018-06-26 19:59:00,6158.76,6165.0,6158.76,6161.6,9.56433,0.8326388888888889,6161.88
2018-06-26 20:00:00,6164.95,6178.0,6158.0,6178.0,31.527182,0.8333333333333334,6168.0
2018-06-26 20:01:00,6177.97,6188.99,6172.37,6181.48,22.819374,0.8340277777777778,6180.68
2018-06-26 20:02:00,6181.35,6188.5,6175.98,6179.93,8.114509,0.8347222222222223,6182.24
2018-06-26 20:03:00,6179.92,6183.31,6167.07,6170.17,27.725612,0.8354166666666667,6175.1900000000005
2018-06-26 20:04:00,6170.16,6173.43,6166.34,6167.88,10.104832,0.8361111111111111,6169.885
2018-06-26 20:05:00,6167.88,6175.83,6167.88,6173.06,2.818999,0.8368055555555556,6171.855
2018-06-26 20:06:00,6175.82,6177.04,6174.01,6176.99,7.066877,0.8375,6175.525
2018-06-26 20:07:00,6176.99,6179.85,6175.25,6177.65,15.043308,0.8381944444444445,6177.55
2018-06-26 20:08:00,6177.65,6178.25,6175.0,6175.06,10.374413,0.8388888888888889,6176.625
2018-06-26 20:09:00,6175.05,6178.25,6175.05,6175.06,3.049653,0.8395833333333333,6176.65
2018-06-26 20:10:00,6175.06,6178.25,6175.05,6178.0,16.084957,0.8402777777777778,6176.65
2018-06-26 20:11:00,6178.13,6178.25,6176.0,6176.02,6.405249,0.8409722222222222,6177.125
2018-06-26 20:12:00,6176.5,6177.0,6176.02,6176.03,5.758823,0.8416666666666667,6176.51
2018-06-26 20:13:00,6176.5,6178.0,6176.03,6178.0,16.190574,0.8423611111111111,6177.014999999999
2018-06-26 20:14:00,6177.98,6179.0,6177.98,6178.28,31.26143,0.8430555555555556,6178.49
2018-06-26 20:15:00,6179.2,6179.21,6178.28,6179.21,28.306876,0.84375,6178.745
2018-06-26 20:16:00,6178.33,6187.67,6178.33,6186.18,10.6867,0.8444444444444444,6183.0
2018-06-26 20:17:00,6186.18,6192.0,6180.83,6180.86,20.415037,0.8451388888888889,6186.415
2018-06-26 20:18:00,6180.86,6186.72,6180.85,6184.17,8.751454,0.8458333333333333,6183.785
2018-06-26 20:19:00,6182.53,6184.17,6180.9,6184.17,2.099028,0.8465277777777778,6182.535
2018-06-26 20:20:00,6182.54,6184.17,6180.0,6180.0,14.383435,0.8472222222222222,6182.085
2018-06-26 20:21:00,6180.25,6184.17,6178.87,6182.08,12.490197,0.8479166666666667,6181.52
2018-06-26 20:22:00,6184.0,6184.0,6182.07,6184.0,24.001339,0.8486111111111111,6183.035
2018-06-26 20:23:00,6184.0,6184.0,6182.08,6182.08,15.999618,0.8493055555555555,6183.04
2018-06-26 20:24:00,6183.01,6183.02,6180.01,6180.01,4.171208,0.85,6181.515
2018-06-26 20:25:00,6180.0,6182.99,6178.34,6180.02,2.855207,0.8506944444444444,6180.665
2018-06-26 20:26:00,6181.01,6182.0,6178.29,6178.29,2.289522,0.8513888888888889,6180.145
2018-06-26 20:27:00,6179.74,6181.77,6178.3,6181.5,2.623477,0.8520833333333333,6180.035
2018-06-26 20:28:00,6178.41,6183.02,6178.41,6183.02,5.755617,0.8527777777777777,6180.715
2018-06-26 20:29:00,6183.02,6186.63,6183.02,6185.0,7.793253,0.8534722222222222,6184.825000000001
2018-06-26 20:30:00,6185.86,6185.95,6179.01,6181.42,6.547059,0.8541666666666666,6182.48
2018-06-26 20:31:00,6182.97,6184.35,6180.44,6180.45,2.64178,0.8548611111111111,6182.395
2018-06-26 20:32:00,6182.22,6183.97,6179.01,6179.01,11.160801,0.8555555555555555,6181.49
2018-06-26 20:33:00,6179.01,6179.02,6179.01,6179.02,1.113714,0.85625,6179.015
2018-06-26 20:34:00,6179.02,6179.02,6179.01,6179.02,1.136586,0.8569444444444444,6179.015
2018-06-26 20:35:00,6179.02,6179.26,6179.01,6179.02,3.202764,0.8576388888888888,6179.135
2018-06-26 20:36:00,6179.01,6179.26,6178.51,6179.08,15.091449,0.8583333333333333,6178.885
2018-06-26 20:37:00,6179.09,6179.99,6179.01,6179.99,17.450808,0.8590277777777777,6179.5
2018-06-26 20:38:00,6179.99,6183.41,6179.99,6182.63,5.615524,0.8597222222222223,6181.7
2018-06-26 20:39:00,6180.23,6183.4,6180.01,6182.0,3.856318,0.8604166666666667,6181.705
2018-06-26 20:40:00,6182.0,6182.0,6180.01,6180.4,3.747262,0.8611111111111112,6181.005
2018-06-26 20:41:00,6180.39,6180.39,6178.29,6178.29,9.756515,0.8618055555555556,6179.34
2018-06-26 20:42:00,6178.4,6178.5,6175.0,6175.0,3.822281,0.8625,6176.75
2018-06-26 20:43:00,6176.8,6178.0,6175.0,6175.0,23.572061,0.8631944444444445,6176.5
2018-06-26 20:44:00,6175.01,6175.21,6171.4,6175.21,17.841303,0.8638888888888889,6173.305
2018-06-26 20:45:00,6174.61,6178.0,6173.08,6175.22,28.372014,0.8645833333333334,6175.54
2018-06-26 20:46:00,6175.11,6180.0,6173.89,6178.54,14.788009,0.8652777777777778,6176.945
2018-06-26 20:47:00,6177.19,6178.77,6175.85,6177.2,19.200878,0.8659722222222223,6177.31
2018-06-26 20:48:00,6177.19,6178.53,6175.86,6176.5,10.541425,0.8666666666666667,6177.195
2018-06-26 20:49:00,6176.85,6180.0,6176.01,6176.06,19.49256,0.8673611111111111,6178.005
2018-06-26 20:50:00,6177.54,6180.0,6176.06,6180.0,4.440857,0.8680555555555556,6178.030000000001
2018-06-26 20:51:00,6179.01,6181.66,6179.01,6179.02,21.143588,0.86875,6180.335
2018-06-26 20:52:00,6179.01,6182.21,6179.01,6181.01,23.150603,0.8694444444444445,6180.610000000001
2018-06-26 20:53:00,6181.5,6182.0,6181.0,6181.02,6.610973,0.8701388888888889,6181.5
2018-06-26 20:54:00,6181.0,6182.0,6179.0,6181.01,2.306243,0.8708333333333333,6180.5
2018-06-26 20:55:00,6180.02,6183.41,6179.0,6179.06,3.589754,0.8715277777777778,6181.205
2018-06-26 20:56:00,6182.41,6183.41,6179.06,6179.07,2.00578,0.8722222222222222,6181.235000000001
2018-06-26 20:57:00,6182.0,6182.0,6179.07,6179.3,2.791893,0.8729166666666667,6180.535
2018-06-26 20:58:00,6182.0,6184.0,6179.4,6184.0,1.349765,0.8736111111111111,6181.7
2018-06-26 20:59:00,6184.0,6185.0,6179.0,6179.0,1.849596,0.8743055555555556,6182.0
2018-06-26 21:00:00,6179.0,6184.68,6176.5,6176.81,5.445326,0.875,6180.59
2018-06-26 21:01:00,6183.7,6185.0,6176.98,6177.75,3.198905,0.8756944444444444,6180.99
2018-06-26 21:02:00,6184.09,6188.81,6179.0,6185.0,15.900202,0.8763888888888889,6183.905000000001
2018-06-26 21:03:00,6184.99,6188.81,6180.23,6180.53,8.550971,0.8770833333333333,6184.52
2018-06-26 21:04:00,6187.87,6187.87,6180.89,6180.89,3.303917,0.8777777777777778,6184.38
2018-06-26 21:05:00,6180.89,6188.0,6180.53,6183.0,7.792918,0.8784722222222222,6184.264999999999
2018-06-26 21:06:00,6183.01,6189.13,6181.01,6183.0,5.113535,0.8791666666666667,6185.07
2018-06-26 21:07:00,6183.0,6188.12,6180.81,6180.81,5.502291,0.8798611111111111,6184.465
2018-06-26 21:08:00,6186.92,6186.92,6181.05,6182.01,2.499982,0.8805555555555555,6183.985000000001
2018-06-26 21:09:00,6183.4,6184.82,6180.75,6180.86,1.176345,0.88125,6182.785
2018-06-26 21:10:00,6180.86,6184.5,6175.17,6175.17,12.101673,0.8819444444444444,6179.835
2018-06-26 21:11:00,6175.17,6180.27,6171.65,6175.0,6.673254,0.8826388888888889,6175.96
2018-06-26 21:12:00,6175.01,6175.17,6171.7,6174.99,2.647421,0.8833333333333333,6173.4349999999995
2018-06-26 21:13:00,6173.34,6184.46,6171.7,6183.04,9.304234,0.8840277777777777,6178.08
2018-06-26 21:14:00,6178.34,6184.47,6176.83,6184.47,12.193474,0.8847222222222222,6180.65
2018-06-26 21:15:00,6184.46,6184.47,6175.4,6176.7,24.541848,0.8854166666666666,6179.9349999999995
2018-06-26 21:16:00,6184.24,6184.24,6176.74,6178.4,5.493598,0.8861111111111111,6180.49
2018-06-26 21:17:00,6179.19,6180.0,6176.78,6177.01,4.859338,0.8868055555555555,6178.389999999999
2018-06-26 21:18:00,6180.0,6180.0,6177.0,6177.01,6.861697,0.8875,6178.5
2018-06-26 21:19:00,6178.5,6179.99,6176.4,6176.41,6.537051,0.8881944444444444,6178.195
2018-06-26 21:20:00,6178.44,6180.0,6177.0,6177.01,9.231675,0.8888888888888888,6178.5
2018-06-26 21:21:00,6177.01,6180.0,6176.4,6176.42,5.875323,0.8895833333333333,6178.2
2018-06-26 21:22:00,6176.64,6180.0,6176.42,6177.01,8.105921,0.8902777777777777,6178.21
2018-06-26 21:23:00,6177.02,6180.0,6176.41,6176.41,12.003541,0.8909722222222223,6178.205
2018-06-26 21:24:00,6178.19,6179.37,6173.83,6175.0,5.43855,0.8916666666666667,6176.6
2018-06-26 21:25:00,6176.42,6179.35,6173.8,6177.03,7.62387,0.8923611111111112,6176.575000000001
2018-06-26 21:26:00,6175.42,6179.17,6173.0,6173.01,14.809858,0.8930555555555556,6176.085
2018-06-26 21:27:00,6174.71,6176.43,6171.4,6173.04,7.461497,0.89375,6173.915
2018-06-26 21:28:00,6174.5,6175.98,6169.17,6169.17,18.740516,0.8944444444444445,6172.575
2018-06-26 21:29:00,6171.1,6173.02,6168.81,6168.9,9.916978,0.8951388888888889,6170.915000000001
2018-06-26 21:30:00,6172.86,6173.03,6168.81,6173.02,6.721052,0.8958333333333334,6170.92
2018-06-26 21:31:00,6173.01,6179.0,6168.81,6177.98,6.067759,0.8965277777777778,6173.905000000001
2018-06-26 21:32:00,6173.35,6176.0,6171.03,6176.0,6.197666,0.8972222222222223,6173.514999999999
2018-06-26 21:33:00,6174.77,6178.0,6173.0,6177.99,10.256445,0.8979166666666667,6175.5
2018-06-26 21:34:00,6174.0,6179.0,6173.0,6173.01,7.863905,0.8986111111111111,6176.0
2018-06-26 21:35:00,6173.01,6177.82,6173.01,6177.82,6.248128,0.8993055555555556,6175.415
2018-06-26 21:36:00,6177.8,6177.99,6173.04,6177.99,16.979939,0.9,6175.514999999999
2018-06-26 21:37:00,6177.98,6177.98,6174.0,6177.0,26.831788,0.9006944444444445,6175.99
2018-06-26 21:38:00,6177.01,6177.01,6173.6,6173.6,2.940462,0.9013888888888889,6175.305
2018-06-26 21:39:00,6173.58,6176.98,6173.55,6173.6,2.556019,0.9020833333333333,6175.264999999999
2018-06-26 21:40:00,6173.61,6176.98,6173.55,6173.59,5.921095,0.9027777777777778,6175.264999999999
2018-06-26 21:41:00,6173.6,6176.9,6173.59,6176.9,2.995747,0.9034722222222222,6175.245
2018-06-26 21:42:00,6176.9,6176.98,6170.1,6173.66,9.985908,0.9041666666666667,6173.54
2018-06-26 21:43:00,6173.66,6176.99,6173.01,6173.18,4.268854,0.9048611111111111,6175.0
2018-06-26 21:44:00,6176.98,6177.99,6173.55,6177.99,5.384139,0.9055555555555556,6175.77
2018-06-26 21:45:00,6177.99,6177.99,6173.83,6175.04,7.183342,0.90625,6175.91
2018-06-26 21:46:00,6175.05,6179.9,6175.04,6179.02,12.344468,0.9069444444444444,6177.469999999999
2018-06-26 21:47:00,6179.02,6180.0,6178.11,6178.11,20.495012,0.9076388888888889,6179.055
2018-06-26 21:48:00,6179.06,6188.0,6178.12,6183.62,18.786887,0.9083333333333333,6183.0599999999995
2018-06-26 21:49:00,6185.0,6190.0,6179.18,6190.0,15.391193,0.9090277777777778,6184.59
2018-06-26 21:50:00,6187.65,6194.08,6185.0,6185.36,16.972751,0.9097222222222222,6189.54
2018-06-26 21:51:00,6190.03,6190.04,6186.09,6187.87,4.497576,0.9104166666666667,6188.0650000000005
2018-06-26 21:52:00,6187.86,6189.57,6187.86,6188.01,6.177455,0.9111111111111111,6188.715
2018-06-26 21:53:00,6188.98,6198.0,6185.36,6195.0,29.217427,0.9118055555555555,6191.68
2018-06-26 21:54:00,6198.0,6272.54,6191.4,6248.0,383.35754,0.9125,6231.969999999999
2018-06-26 21:55:00,6248.0,6256.46,6230.0,6232.89,75.273934,0.9131944444444444,6243.23
2018-06-26 21:56:00,6240.99,6241.52,6232.69,6232.69,28.690756,0.9138888888888889,6237.105
2018-06-26 21:57:00,6235.98,6235.98,6213.02,6225.77,19.102835,0.9145833333333333,6224.5
2018-06-26 21:58:00,6223.51,6229.98,6211.1,6213.05,13.335899,0.9152777777777777,6220.54
2018-06-26 21:59:00,6219.79,6219.8,6203.36,6211.09,31.567421,0.9159722222222222,6211.58
2018-06-26 22:00:00,6214.97,6219.8,6205.12,6210.56,18.780822,0.9166666666666666,6212.46
2018-06-26 22:01:00,6210.56,6211.28,6206.4,6210.0,5.315242,0.9173611111111111,6208.84
2018-06-26 22:02:00,6210.91,6211.28,6203.45,6206.89,10.478511,0.9180555555555555,6207.365
2018-06-26 22:03:00,6211.28,6211.28,6206.92,6211.26,7.068804,0.91875,6209.1
2018-06-26 22:04:00,6211.27,6213.75,6159.03,6177.37,171.013094,0.9194444444444444,6186.389999999999
2018-06-26 22:05:00,6176.38,6191.58,6160.97,6175.68,122.583719,0.9201388888888888,6176.275
2018-06-26 22:06:00,6177.39,6186.96,6170.72,6175.13,16.959982,0.9208333333333333,6178.84
2018-06-26 22:07:00,6175.16,6183.31,6165.0,6171.4,20.901945,0.9215277777777777,6174.155000000001
2018-06-26 22:08:00,6167.0,6171.39,6136.3,6155.3,97.768757,0.9222222222222223,6153.845
2018-06-26 22:09:00,6145.21,6156.24,6089.99,6092.12,330.658576,0.9229166666666667,6123.115
2018-06-26 22:10:00,6092.12,6147.73,6092.12,6120.0,212.207049,0.9236111111111112,6119.924999999999
2018-06-26 22:11:00,6124.84,6144.3,6112.3,6130.34,68.843176,0.9243055555555556,6128.3
2018-06-26 22:12:00,6130.34,6157.04,6130.34,6140.22,47.514373,0.925,6143.6900000000005
2018-06-26 22:13:00,6151.3,6155.31,6125.0,6130.0,38.327603,0.9256944444444445,6140.155000000001
2018-06-26 22:14:00,6125.83,6147.18,6125.83,6126.22,22.951129,0.9263888888888889,6136.505
2018-06-26 22:15:00,6126.23,6135.75,6125.85,6128.31,27.47492,0.9270833333333334,6130.8
2018-06-26 22:16:00,6128.31,6144.21,6128.29,6141.89,32.036307,0.9277777777777778,6136.25
2018-06-26 22:17:00,6140.01,6143.89,6128.29,6134.82,8.620606,0.9284722222222223,6136.09
2018-06-26 22:18:00,6134.83,6137.99,6125.41,6136.22,20.561196,0.9291666666666667,6131.7
2018-06-26 22:19:00,6136.23,6140.95,6131.1,6138.35,15.153472,0.9298611111111111,6136.025
2018-06-26 22:20:00,6138.35,6139.57,6128.0,6134.09,32.85004,0.9305555555555556,6133.785
2018-06-26 22:21:00,6134.09,6145.0,6129.35,6139.83,24.906235,0.93125,6137.175
2018-06-26 22:22:00,6141.0,6154.61,6139.84,6144.79,18.962513,0.9319444444444445,6147.225
2018-06-26 22:23:00,6144.78,6150.0,6135.02,6141.07,11.541605,0.9326388888888889,6142.51
2018-06-26 22:24:00,6141.07,6148.01,6140.07,6148.01,8.296543,0.9333333333333333,6144.04
2018-06-26 22:25:00,6148.85,6153.04,6146.08,6150.41,5.436945,0.9340277777777778,6149.5599999999995
2018-06-26 22:26:00,6146.12,6164.69,6146.12,6164.69,30.12734,0.9347222222222222,6155.405
2018-06-26 22:27:00,6164.69,6168.45,6155.06,6159.0,40.094095,0.9354166666666667,6161.755
2018-06-26 22:28:00,6157.86,6158.81,6140.01,6140.04,34.013259,0.9361111111111111,6149.41
2018-06-26 22:29:00,6142.12,6143.84,6138.22,6138.28,3.0012,0.9368055555555556,6141.030000000001
2018-06-26 22:30:00,6138.28,6143.65,6135.06,6139.99,21.163712,0.9375,6139.355
2018-06-26 22:31:00,6139.99,6164.66,6137.03,6156.4,44.961691,0.9381944444444444,6150.844999999999
2018-06-26 22:32:00,6148.02,6158.19,6146.05,6153.66,6.722317,0.9388888888888889,6152.12
2018-06-26 22:33:00,6153.41,6155.0,6142.01,6153.43,6.924038,0.9395833333333333,6148.505
2018-06-26 22:34:00,6153.43,6156.98,6148.09,6156.98,2.882751,0.9402777777777778,6152.535
2018-06-26 22:35:00,6155.01,6159.98,6153.34,6153.34,9.616379,0.9409722222222222,6156.66
2018-06-26 22:36:00,6150.7,6155.01,6150.01,6151.99,3.142014,0.9416666666666667,6152.51
2018-06-26 22:37:00,6151.02,6151.99,6145.0,6146.15,8.464963,0.9423611111111111,6148.495
2018-06-26 22:38:00,6146.15,6146.15,6140.0,6141.84,6.04878,0.9430555555555555,6143.075
2018-06-26 22:39:00,6141.31,6159.98,6138.31,6159.98,17.76522,0.94375,6149.145
2018-06-26 22:40:00,6158.01,6159.94,6143.0,6149.67,11.194556,0.9444444444444444,6151.469999999999
2018-06-26 22:41:00,6155.19,6155.2,6141.85,6141.85,5.170197,0.9451388888888889,6148.525
2018-06-26 22:42:00,6146.58,6147.0,6142.92,6144.61,6.385213,0.9458333333333333,6144.96
2018-06-26 22:43:00,6146.99,6159.97,6143.25,6153.87,16.563559,0.9465277777777777,6151.610000000001
2018-06-26 22:44:00,6155.81,6158.28,6147.12,6156.05,32.365088,0.9472222222222222,6152.7
2018-06-26 22:45:00,6156.06,6160.0,6154.91,6159.99,20.221959,0.9479166666666666,6157.455
2018-06-26 22:46:00,6159.98,6160.0,6154.91,6155.32,4.560318,0.9486111111111111,6157.455
2018-06-26 22:47:00,6157.45,6159.3,6150.05,6155.11,17.395396,0.9493055555555555,6154.675
2018-06-26 22:48:00,6153.77,6160.0,6152.43,6159.75,22.21368,0.95,6156.215
2018-06-26 22:49:00,6159.76,6160.0,6141.34,6155.08,30.648838,0.9506944444444444,6150.67
2018-06-26 22:50:00,6156.25,6158.31,6149.16,6157.0,4.088277,0.9513888888888888,6153.735000000001
2018-06-26 22:51:00,6156.28,6158.0,6150.35,6158.0,14.252797,0.9520833333333333,6154.175
2018-06-26 22:52:00,6151.87,6157.99,6151.87,6155.14,32.414384,0.9527777777777777,6154.93
2018-06-26 22:53:00,6155.14,6156.84,6152.02,6155.14,39.717887,0.9534722222222223,6154.43
2018-06-26 22:54:00,6155.15,6157.01,6155.0,6155.05,14.143518,0.9541666666666667,6156.005
2018-06-26 22:55:00,6156.01,6157.0,6155.01,6156.97,6.270759,0.9548611111111112,6156.005
2018-06-26 22:56:00,6155.98,6156.97,6152.04,6152.42,3.49197,0.9555555555555556,6154.505
2018-06-26 22:57:00,6152.36,6156.9,6152.36,6152.85,9.987781,0.95625,6154.629999999999
2018-06-26 22:58:00,6154.53,6160.0,6145.3,6158.0,10.232043,0.9569444444444445,6152.65
2018-06-26 22:59:00,6156.87,6158.0,6155.13,6155.75,2.491747,0.9576388888888889,6156.5650000000005
2018-06-26 23:00:00,6155.75,6157.98,6149.23,6149.23,4.514647,0.9583333333333334,6153.605
2018-06-26 23:01:00,6149.85,6150.46,6141.72,6150.15,6.551548,0.9590277777777778,6146.09
2018-06-26 23:02:00,6145.61,6148.0,6142.0,6142.7,10.400386,0.9597222222222223,6145.0
2018-06-26 23:03:00,6142.0,6152.54,6142.0,6148.47,28.305143,0.9604166666666667,6147.27
2018-06-26 23:04:00,6149.02,6149.57,6145.0,6145.0,15.040816,0.9611111111111111,6147.285
2018-06-26 23:05:00,6145.0,6146.92,6142.7,6146.85,5.709279,0.9618055555555556,6144.8099999999995
2018-06-26 23:06:00,6145.0,6146.84,6142.7,6142.7,11.370281,0.9625,6144.77
2018-06-26 23:07:00,6143.0,6144.93,6135.06,6138.0,4.973825,0.9631944444444445,6139.995000000001
2018-06-26 23:08:00,6135.07,6138.0,6127.98,6137.12,20.65263,0.9638888888888889,6132.99
2018-06-26 23:09:00,6137.13,6137.98,6125.0,6125.0,10.753984,0.9645833333333333,6131.49
2018-06-26 23:10:00,6128.16,6129.44,6110.54,6118.19,44.058167,0.9652777777777778,6119.99
2018-06-26 23:11:00,6125.12,6130.08,6113.26,6128.92,19.347915,0.9659722222222222,6121.67
2018-06-26 23:12:00,6128.92,6137.23,6114.04,6125.0,16.152656,0.9666666666666667,6125.635
2018-06-26 23:13:00,6124.99,6137.11,6124.99,6133.86,5.935716,0.9673611111111111,6131.049999999999
2018-06-26 23:14:00,6130.0,6133.84,6113.57,6121.01,10.089191,0.9680555555555556,6123.705
2018-06-26 23:15:00,6121.02,6133.52,6114.66,6127.0,13.747028,0.96875,6124.09
2018-06-26 23:16:00,6125.91,6134.99,6124.55,6129.75,12.91774,0.9694444444444444,6129.77
2018-06-26 23:17:00,6126.61,6129.13,6120.0,6120.0,5.344556,0.9701388888888889,6124.5650000000005
2018-06-26 23:18:00,6121.28,6134.02,6121.27,6129.0,8.78646,0.9708333333333333,6127.645
2018-06-26 23:19:00,6128.99,6133.6,6126.49,6129.79,1.914574,0.9715277777777778,6130.045
2018-06-26 23:20:00,6133.36,6138.0,6131.0,6134.0,11.885056,0.9722222222222222,6134.5
2018-06-26 23:21:00,6132.44,6137.43,6131.01,6137.43,6.899742,0.9729166666666667,6134.22
2018-06-26 23:22:00,6137.43,6137.43,6131.01,6134.74,4.85952,0.9736111111111111,6134.22
2018-06-26 23:23:00,6133.8,6140.6,6131.07,6137.51,9.470648,0.9743055555555555,6135.835
2018-06-26 23:24:00,6132.97,6137.65,6132.88,6132.93,9.46883,0.975,6135.264999999999
2018-06-26 23:25:00,6132.88,6133.56,6131.5,6132.16,3.658403,0.9756944444444444,6132.530000000001
2018-06-26 23:26:00,6131.84,6132.92,6126.58,6130.97,7.441273,0.9763888888888889,6129.75
2018-06-26 23:27:00,6126.59,6130.97,6122.02,6126.55,5.524763,0.9770833333333333,6126.495000000001
2018-06-26 23:28:00,6124.22,6130.0,6122.16,6127.95,6.410199,0.9777777777777777,6126.08
2018-06-26 23:29:00,6129.51,6140.6,6128.07,6137.69,14.109075,0.9784722222222222,6134.335
2018-06-26 23:30:00,6137.16,6139.05,6122.03,6128.43,3.883996,0.9791666666666666,6130.54
2018-06-26 23:31:00,6128.43,6128.43,6116.55,6121.67,55.390785,0.9798611111111111,6122.49
2018-06-26 23:32:00,6122.8,6132.1,6116.24,6116.54,51.709872,0.9805555555555555,6124.17
2018-06-26 23:33:00,6116.43,6118.79,6110.54,6115.3,30.891028,0.98125,6114.665
2018-06-26 23:34:00,6110.54,6118.8,6096.0,6100.0,48.664976,0.9819444444444444,6107.4
2018-06-26 23:35:00,6100.0,6111.93,6092.0,6095.43,73.402535,0.9826388888888888,6101.965
2018-06-26 23:36:00,6095.43,6099.22,6090.0,6096.99,45.146445,0.9833333333333333,6094.610000000001
2018-06-26 23:37:00,6096.98,6116.7,6089.99,6105.03,65.178784,0.9840277777777777,6103.344999999999
2018-06-26 23:38:00,6105.02,6109.77,6093.77,6094.97,8.724812,0.9847222222222223,6101.77
2018-06-26 23:39:00,6095.58,6100.0,6092.23,6092.23,22.787699,0.9854166666666667,6096.115
2018-06-26 23:40:00,6092.23,6113.21,6091.51,6107.73,23.898137,0.9861111111111112,6102.360000000001
2018-06-26 23:41:00,6107.72,6112.6,6097.76,6109.08,9.846125,0.9868055555555556,6105.18
2018-06-26 23:42:00,6109.09,6111.13,6100.0,6100.0,18.734384,0.9875,6105.5650000000005
2018-06-26 23:43:00,6100.0,6100.0,6092.23,6100.0,8.839974,0.9881944444444445,6096.115
2018-06-26 23:44:00,6100.0,6104.57,6094.49,6102.05,6.144773,0.9888888888888889,6099.53
2018-06-26 23:45:00,6101.55,6106.0,6092.0,6092.25,21.69629,0.9895833333333334,6099.0
2018-06-26 23:46:00,6098.06,6098.06,6035.0,6049.98,388.544464,0.9902777777777778,6066.530000000001
2018-06-26 23:47:00,6040.0,6075.62,6038.85,6061.6,93.020954,0.9909722222222223,6057.235000000001
2018-06-26 23:48:00,6075.3,6082.43,6061.38,6065.08,58.41525,0.9916666666666667,6071.905000000001
2018-06-26 23:49:00,6065.08,6069.84,6040.5,6047.28,35.995645,0.9923611111111111,6055.17
2018-06-26 23:50:00,6047.28,6062.42,6040.5,6050.13,35.738395,0.9930555555555556,6051.46
2018-06-26 23:51:00,6055.65,6065.88,6046.3,6065.88,34.072969,0.99375,6056.09
2018-06-26 23:52:00,6065.88,6080.0,6057.65,6074.45,34.41041,0.9944444444444445,6068.825
2018-06-26 23:53:00,6077.62,6080.0,6060.0,6069.49,29.533512,0.9951388888888889,6070.0
2018-06-26 23:54:00,6069.49,6070.77,6057.69,6057.69,41.736673,0.9958333333333333,6064.23
2018-06-26 23:55:00,6057.69,6073.63,6051.18,6069.38,69.133959,0.9965277777777778,6062.405000000001
2018-06-26 23:56:00,6065.05,6073.57,6064.04,6071.38,17.202384,0.9972222222222222,6068.805
2018-06-26 23:57:00,6073.57,6077.68,6069.69,6071.65,19.549909,0.9979166666666667,6073.6849999999995
2018-06-26 23:58:00,6071.65,6078.59,6071.65,6074.99,37.896173,0.9986111111111111,6075.12
2018-06-26 23:59:00,6074.99,6080.0,6060.01,6070.78,51.535243,0.9993055555555556,6070.005
